youtube_id,title,duration_sec,guessed_tournament_id,tournament_guess_label,year,kind,stage,leg,score,player_a_guess,player_a_id_guess,player_b_guess,player_b_id_guess,game_id_guess,source,source_channel,source_playlist,relation_group,relation,featured_final,confidence,verified,notes,external_url,wc_video_slot,game_link_mode
-4RE2hs1LDE,Kick Off 2 UK Championship 2010 - Silver Cup,653,453,Birmingham XXI Silver Cup,2010,match,silver,,4 - 2,Andy E,29,Graham S,155,17265,forum_index,ko2cv,,,,false,medium,Y,Also in: ko2cv_channel,,,
-KXN4GB62i8,Kick Off 2 World Cup 2022 Part1 Bronze Cup Kostas vs Jaume,721,14,World Cup XX (Athens),2022,match,bronze,,3-1,Kostas Ka,238,Jaume P,192,25949,ko2cv_channel,ko2cv,,,,false,medium,,Video title Bronze Cup; DB phase=29th Place Final,,,
-OD-f0t92VQ,Kick Off 2 World Cup 2025 - Final DaghN v GianniT,1961,25,World Cup XXIII (Milan),2025,match,final,,,Dagh N,73,Gianni T,149,"27417,27418",wc_finals_playlist,,PL_BZxDPPd88YKbQHLod_1EFHPa2iJSIQY,,,false,high,Y,Also in: ko2cv_channel; dual-leg video (duration>=20min),,,multi
-_AYyUd44MQ,Kick Off 2 World Cup 2025 - Semi Final 1 FabioF v DaghN,1784,25,World Cup XXIII (Milan),2025,match,semi,,,Fabio F,109,Dagh N,73,"27412,27413",ko2cv_channel,ko2cv,,,,false,medium,Y,dual-leg video (duration>=20min),,,multi
0FRUD98gSx8,Kick Off 2 Online World Cup Final - 25 February 2024,662,20,World Cup XXII (Nottingham),2024,excluded,final,,,,,,,,wc_finals_playlist,,PL_BZxDPPd88YKbQHLod_1EFHPa2iJSIQY,,,false,high,Y,Also in: ko2cv_channel,,,
1IJlv36qlAg,Kick Off 2 World Cup 2013 - Part 05 - KlausLe vs OliverSt (3-7),689,569,World Cup XIII (Voitsberg),2013,match,,,3-7,Klaus Le,232,Oliver St,341,21855,ko2cv_channel,ko2cv,,,,false,medium,,9th Place Final,,,
2I4wFxf_YEY,Kick Off 2 World Cup 2019 - Semi 1a - Fabio vs Andy,780,9,World Cup XIX (Bremen),2019,match,semi,1,7-5,Fabio F,109,Andy G,30,25453,ko2cv_channel,ko2cv,,,,false,low,,,,,
2NJmv66o54I,Kick Off 2 World Cup 2019 - Presentations,1452,9,World Cup XIX (Bremen),2019,ceremony,,,,,,,,,ko2cv_channel,ko2cv,,,,false,medium,,,,,
2OCyBgWntT0,KOA_WC2007_2_Semi2_Part1_Sandro_vs_Spyros,679,280,World Cup VII (Rome),2007,match,semi,1,4-4,Sandro T,390,Spyros P,406,11347,ko2cv_channel,ko2cv,,,,false,low,Y,,,,
2_9tRTGBRGw,"Kick Off 2 Amiga, shot height, part 5",12,,,,stream,,,,,,,,,alkelele_channel,alkelele,,,,false,low,,,,,
2_AnWxbb6ho,Kick Off 2 World Cup 2014 - Semi2 (1st leg) - Dagh vs Fabio,747,577,World Cup XIV (Copenhagen),2014,match,semi,1,7-7,Dagh N,73,Fabio F,109,22463,ko2cv_channel,ko2cv,,,,false,low,,,,,
2hNTpnnu8AY,"The 2010 Gathering - Dusseldorf, Germany: Gianni T - Dagh N (1 - 9)",,480,World Cup X (Dusseldorf),2010,match,final,,1 - 9,Gianni T,149,Dagh N,73,18464,forum_index,,,forum-the-2010-gathering-dusseldorf-germany-the-final-gianni-t-dagh-n-1-9,alternate_recording,false,high,Y,,,,
2w9fK0JD18I,KOA WC 2010 Presentations Part 3,685,480,World Cup X (Dusseldorf),2010,ceremony,,,,,,,,,ko2cv_channel,ko2cv,,,,false,medium,,,,,
3iAgrEi5Mk0,"Kick Off 2 Goals Compilation, December 2023",288,,,2023,excluded,,,,,,,,,ko2cv_channel,ko2cv,,,,false,medium,,Not WC XXI; generic goals compilation (Dec 2023),,,
3shbQjMOaJg,"Kick Off 2 Amiga, WC 2003 Groningen, Quarter Final leg 1, Mark P - Martin J (2 - 6)",692,115,World Cup III (Groningen),2003,match,quarter,1,2 - 6,Mark P,280,Martin J,291,3612,forum_index,alkelele,,,,false,high,,Also in: alkelele_channel,http://www.ko-gathering.com/media/tournaments/Groningen2003/videos/Quarters1-MartinBvsGianluca.wmv,,
43JlZ2QyPeA,UKC08 - Awards 2,14,315,Birmingham VIII,2008,ceremony,ceremony,,,,,,,,ko2cv_channel,ko2cv,,,,false,low,Y,UKC08 awards segment 2; atmosphere for Birmingham VIII,,,
44K3dzGJ8FY,"Kick Off 2 Amiga, Lund II 2009, John H - Dagh N (2 - 5)",743,411,Lund II,2009,match,,,2 - 5,John H,201,Dagh N,73,15811,forum_index,alkelele,,,,false,high,Y,Also in: alkelele_channel,,,
46t-57aLdwk,"Kick Off 2 Amiga, Milan I 2003, Quarter Final leg 2, Gianni T - Nikos A (6 - 2)",720,89,Milan,2003,match,quarter,2,6 - 2,Gianni T,149,Nikos A,334,2400,forum_index,alkelele,,,,false,medium,Y,Also in: alkelele_channel,,,
48fS-wdLKn4,"Kick Off 2 Amiga, WC 2008 Athens, Semi Final leg 2, Alkis P - Dagh N (1 - 12)",753,358,World Cup VIII (Athens),2008,match,semi,2,1-12,Alkis P,14,Dagh N,73,14258,forum_index,alkelele,,,,false,high,Y,Also in: alkelele_channel,http://www.kickoff2.it/tmp/video_ko2/wc2008/Athens08_03_Semi1_A_Dagh_Alkis_7-5.avi,,
4JUkSSYjJWU,KOA WC 2010 Presentations Part 4,136,480,World Cup X (Dusseldorf),2010,ceremony,,,,,,,,,ko2cv_channel,ko2cv,,,,false,medium,,,,,
4YchXF8E5VU,Kick Off 2 World Cup 2019 - Semi 2b - Thor vs Gianni,806,9,World Cup XIX (Bremen),2019,match,semi,2,7-7,Thor S,440,Gianni T,149,25455,ko2cv_channel,ko2cv,,,,false,low,,,,,
4xXJcQl7OEg,Kick Off 2 WC2011 - 2. Semi1a - Gianni vs Lorenzo.avi,670,526,World Cup XI (Birmingham),2011,match,semi,1,5-5,Gianni T,149,Lorenzo C,249,20106,ko2cv_channel,ko2cv,,,,false,low,,,,,
5Drtptw3WGM,"Kick Off 2 Amiga, WC 2002 Athens, Quater Finals leg 2, James B - Klaus Lo (3 - 2)",660,66,World Cup II (Athens),2002,match,quarter,2,3 - 2,James B,182,Klaus Lo,233,1707,forum_index,alkelele,,,,false,high,,Also in: alkelele_channel,http://www.ko-gathering.com/media/tournaments/Athens2002/videos/Quarters1%20-%20Klaus%20vs%20Jim.WMV,,
5IxRW_9zomA,"Kick Off 2 Amiga, WC 2002 Athens, Quater Finals leg 1, Klaus Lo - James B (4 - 1)",697,66,World Cup II (Athens),2002,match,quarter,1,4 - 1,Klaus Lo,233,James B,182,1706,forum_index,alkelele,,,,false,high,,Also in: alkelele_channel,http://www.ko-gathering.com/media/tournaments/Athens2002/videos/Quarters1%20-%20Klaus%20vs%20Jim.WMV,,
5ZZ2xfcl7lc,Vasilis vs Robert 3-4-2011,767,499,Athens LXXVIII,2011,match,,,1 - 7,Vasilis K,459,Robert S,382,18908,forum_index,costas,,,,false,medium,Y,Also in: costas_channel,,,
5dfG_TQBkpU,KOA WC 2010 The Game Of Shame,692,480,World Cup X (Dusseldorf),2010,stream,shame,,,,,,,,ko2cv_channel,ko2cv,,,,false,medium,,,,,
5fcMDx6bCPc,"The 2010 Gathering - Dusseldorf, Germany: Dagh N - Gianni T (8 - 5)",,480,World Cup X (Dusseldorf),2010,match,final,,8 - 5,Dagh N,73,Gianni T,149,18463,forum_index,,,forum-the-2010-gathering-dusseldorf-germany-the-final-dagh-n-gianni-t-8-5,alternate_recording,false,high,Y,,,,
6CvcdTaNB7Y,Kick Off 2 World Cup 2014 - 3rd place decider - Alkis vs Dagh,654,577,World Cup XIV (Copenhagen),2014,match,bronze,,,Alkis P,14,Dagh N,73,22465,ko2cv_channel,ko2cv,,,,false,low,,,,third_place,
6NvVlNJCtsE,"Kick Off 2 Amiga, shot height, part 4",10,,,,stream,,,,,,,,,alkelele_channel,alkelele,,,,false,low,,,,,
6Ycz3QK8uWY,Kick Off 2 World Cup 2023   Semi Final 2A Andy vs Thor,819,16,World Cup XXI (Torremolinos),2023,match,semi,,,Andy G,30,Thor S,440,26300,ko2cv_channel,ko2cv,,,,false,low,,,,,
6_H5PjxYVCk,"Kick Off 2 Amiga, WC 2005 Cologne, The Final 1st leg, Gianluca T - Gianni T (8 - 1)",694,169,World Cup V (Cologne),2005,match,final,,8 - 1,Gianluca T,148,Gianni T,149,6585,wc_finals_playlist,,PL_BZxDPPd88YKbQHLod_1EFHPa2iJSIQY,,,true,high,,"Also in: alkelele_channel, forum_index",http://www.kickoffworld.net/Download/media/2005WorldCup/KOA_WC2005_Final_Game1_GianlucaVsGianni.wmv,,
6him2UvmgV4,"Kick Off 2 Amiga, WC 2005 Cologne, KOA Cup Final 2nd leg, Jorn F - Filippo D (2 - 3)",660,169,World Cup V (Cologne),2005,match,final,2,2 - 3,Jorn F,218,Filippo D,114,6678,forum_index,alkelele,,,,false,high,,Also in: alkelele_channel,http://www.kickoffworld.net/Download/media/2005WorldCup/KOA_WC2005_KOACup_Game1_FilippoVsJorn.wmv,,
7FdcDUI5X-E,"Kick Off 2 World Cup 2017 Final, Leg 1 Dagh vs Gianni",654,603,World Cup XVII (Landskrona),2017,match,final,1,,Dagh N,73,Gianni T,149,24438,wc_finals_playlist,,PL_BZxDPPd88YKbQHLod_1EFHPa2iJSIQY,,,true,medium,,Also in: ko2cv_channel,,,
7QMobVhk3oE,"Kick Off 2 Amiga, WC 2003 Groningen, Quarter Final leg 2, Gianluca T - Martin B (5 - 1)",652,115,World Cup III (Groningen),2003,match,quarter,2,5 - 1,Gianluca T,148,Martin B,287,3611,forum_index,alkelele,,,,false,high,,Also in: alkelele_channel,http://www.ko-gathering.com/media/tournaments/Groningen2003/videos/Quarters1-MartinBvsGianluca.wmv,,
7ZcEFbvbSkA,"Kick Off 2 Amiga, Milan I 2003, Marco M - Dino D (3 - 1)",726,89,Milan,2003,match,,,3 - 1,Marco M,270,Dino D,98,2336,forum_index,alkelele,,,,false,medium,Y,Also in: alkelele_channel,,,
7gkUTGvEfK0,Kick Off 2 UK Championship 2009 - Silver cup,654,414,Birmingham XIV Silver Cup,2009,match,silver,,5 - 4,Mandhir S,263,Andy H,31,15938,forum_index,ko2cv,,,,false,medium,Y,Also in: ko2cv_channel,,,
7j5oU2h3K9g,Kick Off 2 WC2011 - 9. Presentations.wmv,2193,526,World Cup XI (Birmingham),2011,ceremony,,,,,,,,,ko2cv_channel,ko2cv,,,,false,medium,,,,,
7mlpKVT6xHw,"Kick Off 2 Amiga, WC 2009 Voitsberg, Third Place Final, Alkis P - Fabio F (3 - 6)",686,418,World Cup IX (Voitsberg),2009,match,bronze,,3-6,Alkis P,14,Fabio F,109,16401,forum_index,alkelele,,,,false,high,Y,Also in: alkelele_channel,,third_place,
7tD-GcIjwEA,Kick Off 2 World Cup 2025 - Game Of Shame   TanerG vs DennyM,696,25,World Cup XXIII (Milan),2025,match,shame,,,Taner G,429,Denny M,93,27241,ko2cv_channel,ko2cv,,,,false,medium,,,,,
7vpVXQrm7Qw,George vs Panasonic 3-4-2011,695,499,Athens LXXVIII,2011,match,,,2 - 5,George Ka,141,Panayotis P,350,18921,forum_index,costas,,,,false,medium,Y,Also in: costas_channel,,,
8AMm3tbu_Zk,"Kick Off 2 Amiga, shot height, part 2",11,,,,stream,,,,,,,,,alkelele_channel,alkelele,,,,false,low,,,,,
8XNXQ_nMPTU,Kick Off 2 UK Championship 2009 - Gold cup,642,413,Birmingham XIV Gold Cup,2009,match,final,,6 - 1,Jon G,210,Steve E,418,15933,forum_index,ko2cv,,,,false,medium,Y,Also in: ko2cv_channel,,,
8aB5RAInyUY,Kick Off 2 UKC 2002 Cup Semi Final Dan vs Bill,693,75,Gloucester I Cup,2002,match,semi,,2-4,Dan S,78,Bill V,44,604,ko2cv_channel,ko2cv,,,,false,low,Y,UKC 2002 cup = Gloucester I Cup in DB,,,
8fQdlWX528A,"Kick Off 2 Amiga, WC 2003 Groningen, Quarter Final leg 2, Martin J - Mark P (8 - 2)",619,115,World Cup III (Groningen),2003,match,quarter,2,8 - 2,Martin J,291,Mark P,280,3613,forum_index,alkelele,,,,false,high,,Also in: alkelele_channel,http://www.ko-gathering.com/media/tournaments/Groningen2003/videos/Quarters1-MartinBvsGianluca.wmv,,
8fmLLZNEwLI,KOA_WC2007_4_Semi2_Part2_Spyros_vs_Sandro,679,280,World Cup VII (Rome),2007,match,semi,2,5-3,Spyros P,406,Sandro T,390,11348,ko2cv_channel,ko2cv,,,,false,low,Y,,,,
8r6bwleFuMA,"The 2010 Gathering - Dusseldorf, Germany: Gianni T - Ektoras K (11 - 5)",,480,World Cup X (Dusseldorf),2010,match,semi,,11 - 5,Gianni T,149,Ektoras K,100,18459,forum_index,,,forum-the-2010-gathering-dusseldorf-germany-semi-finals-gianni-t-ektoras-k-11-5,alternate_recording,false,high,Y,,,,
8zFuKgbZkwo,Kick Off 2 WC2011 - 6. 3rd Place - Andy vs Lorenzo.avi,625,526,World Cup XI (Birmingham),2011,match,bronze,,4-3,Andy G,30,Lorenzo C,249,20110,ko2cv_channel,ko2cv,,,,false,low,,,,third_place,
91lvCUyy1SU,"Kick Off 2 Amiga, WC 2002 Athens, The Final leg 2, Rikki F - Alkis P (6 - 3)",648,66,World Cup II (Athens),2002,match,final,2,6 - 3,Rikki F,380,Alkis P,14,1720,wc_finals_playlist,,PL_BZxDPPd88YKbQHLod_1EFHPa2iJSIQY,,,true,high,,"Also in: alkelele_channel, forum_index",http://www.ko-gathering.com/media/tournaments/Athens2002/videos/Final1%20-%20Alkis%20v%20Rikki.wmv,,
947VFBRpXlk,Athens08_02_SilverCup_George_Rodolfo_4-5.avi,932,358,World Cup VIII (Athens),2008,excluded,silver,,3-3,George Ka,141,Rodolfo M,385,,ko2cv_channel,ko2cv,,dup-ckj8ZR43Y9k,alternate_recording,false,low,Y,"ko2cv duplicate; canonical=ckj8ZR43Y9k; 14216 FT 3-3, extra=4-5 e.t.",,,
9L7dOlHQ3MU,"Kick Off 2 Amiga, WC 2003 Groningen, Third Place Final leg 2, Alkis P - Nikos A (6 - 2)",661,115,World Cup III (Groningen),2003,match,final,2,6 - 2,Alkis P,14,Nikos A,334,3621,forum_index,alkelele,,,,false,high,,Also in: alkelele_channel,http://www.ko-gathering.com/media/tournaments/Groningen2003/videos/3rdPlace1-NikosvsAlkis.WMV,third_place,
9SNwmG2LGDg,"Kick Off 2 Amiga, WC 2003 Groningen, Semi Final leg 1, Alkis P - Martin J (1 - 6)",694,115,World Cup III (Groningen),2003,match,semi,1,1 - 6,Alkis P,14,Martin J,291,3616,forum_index,alkelele,,,,false,high,,Also in: alkelele_channel,http://www.ko-gathering.com/media/tournaments/Groningen2003/videos/Semis1-AlkisvsMartinJ.wmv,,
9ZEIhaOdeEE,"The 2010 Gathering - Dusseldorf, Germany: Ektoras K - Gianni T (5 - 10)",,480,World Cup X (Dusseldorf),2010,match,semi,,5 - 10,Ektoras K,100,Gianni T,149,18458,forum_index,,,forum-the-2010-gathering-dusseldorf-germany-semi-finals-ektoras-k-gianni-t-5-10,alternate_recording,false,high,Y,,,,
9knHBfb6ZaA,06 - Kick Off 2 World Cup 2012 3rd Place - Andy vs Gianni,936,554,World Cup XII (Milan),2012,match,bronze,,,Gianni T,149,Andy G,30,21274,ko2cv_channel,ko2cv,,,,false,low,,,,third_place,
AATTDvx5klA,Lund II 2009: John H - Dagh N (3 - 4),,411,Lund II,2009,match,,,4 - 3,Dagh N,73,John H,201,15832,forum_index,,,,,false,high,Y,,,,
ACa4vj7GafU,"Kick Off 2 World Cup 2016 - Final, Leg 2 - Gianni vs Thor",647,596,World Cup XVI (Milan),2016,match,final,2,,Thor S,440,Gianni T,149,23901,wc_finals_playlist,,PL_BZxDPPd88YKbQHLod_1EFHPa2iJSIQY,,,true,medium,,Also in: ko2cv_channel,,,
ATYc-Lq4pOM,Kick Off 2 Amiga Juggling past keeper,57,,,,coverage,,,,,,,,,alkelele_channel,alkelele,,,,false,low,,,,,
AtdXWKBau6g,Kick Off 2 UK Championship 2010 - League - JonG vs RobertS,655,451,Birmingham XXI,2010,match,league,,4 - 5,Jon G,210,Robert S,382,17196,forum_index,ko2cv,,,,false,medium,Y,Also in: ko2cv_channel,,,
Aw44Zcu0nSM,"Kick Off 2 Amiga, WC 2009 Voitsberg, Semi Final leg 1, Alkis P - Gianni T (3 - 8)",669,418,World Cup IX (Voitsberg),2009,match,semi,1,3-8,Alkis P,14,Gianni T,149,16399,forum_index,alkelele,,,,false,high,Y,Also in: alkelele_channel,,,
B550eWtdZW0,Kick Off 2 World Cup 2023   Final Gianni vs Thor,1508,16,World Cup XXI (Torremolinos),2023,match,final,,,Gianni T,149,Thor S,440,"26306,26307",wc_finals_playlist,,PL_BZxDPPd88YKbQHLod_1EFHPa2iJSIQY,,,true,medium,Y,Also in: ko2cv_channel; dual-leg video (duration>=20min),,,multi
BN-dj4sl0TU,KOA_WC2006_05_Shame,1144,206,World Cup VI (Rickmansworth),2006,excluded,shame,,,,,,,,ko2cv_channel,ko2cv,,dup-bvdkP6rHmMo,alternate_recording,false,low,Y,ko2cv duplicate; use alkelele bvdkP6rHmMo,,,
BnBOehszKcw,Kick Off 2 World Cup 2022 Part2 Silver Cup Rodolfo vs Gabriele,736,14,World Cup XX (Athens),2022,match,silver,,1-4,Rodolfo M,385,Gabriele G,132,25960,ko2cv_channel,ko2cv,,,,false,medium,,Video title Silver Cup final; DB phase=17th Place Final,,,
Bv82HaMVQYc,Kick Off 2 World Cup 2014 - Semi1 (2nd leg) - Alkis vs Gianni,712,577,World Cup XIV (Copenhagen),2014,match,semi,2,1-5,Alkis P,14,Gianni T,149,22462,ko2cv_channel,ko2cv,,,,false,low,,,,,
C5vvlrDmazU,Kick Off 2 UKC07 Alkis v Gianni,752,244,Reading XIII,2007,match,,,3-3,Alkis P,14,Gianni T,149,10065,ko2cv_channel,ko2cv,,,,false,low,,UKC07 title; game is Reading XIII 2007 league (not WC VII Rome),,,
C9HC2w8HjY0,Kick Off 2 World Cup 2022 Part8 FinalA Gianni vs Lorenzo,685,14,World Cup XX (Athens),2022,match,final,1,7-0,Gianni T,149,Lorenzo L,250,25990,wc_finals_playlist,,PL_BZxDPPd88YKbQHLod_1EFHPa2iJSIQY,,,false,medium,,Also in: ko2cv_channel,,,
CKSWCu7uzSU,KOA_WC2006_07_Playoff_Part2_Marco_vs_Gianni,688,206,World Cup VI (Rickmansworth),2006,match,bronze,2,1-5,Marco D,269,Gianni T,149,8442,ko2cv_channel,ko2cv,,dup-CKSWCu7uzSU,canonical,false,low,Y,Video title Playoff = 3rd Place Final leg 2,,third_place,
CTqKhhgdRWw,Robert vs Nikos 3-4-2011,741,499,Athens LXXVIII,2011,match,,,3 - 8,Robert S,382,Nikos A,334,18947,forum_index,costas,,,,false,medium,Y,Also in: costas_channel,,,
D6grRYORmvc,"Kick Off 2 Amiga, WC 2004 Milano, KOA Cup Final leg 1, Luca A - Riccardo P (3 - 1)",634,140,World Cup IV (Milan),2004,match,final,1,3 - 1,Luca A,252,Riccardo P,376,4950,forum_index,alkelele,,,,false,high,,Also in: alkelele_channel,http://www.ko-gathering.com/media/tournaments/Milan2004/videos/WC2004_KOACupA.wmv,,
DVZW7pW_s4w,"Kick Off 2 Amiga, Italian Lineup",355,,,,coverage,,,,,,,,,alkelele_channel,alkelele,,,,false,low,,,,,
DqdBTfC0EOw,Kick Off 2 World Cup 2013 - Part 10 - ChrisD vs SteveC (5-7) (incomplete),499,569,World Cup XIII (Voitsberg),2013,match,bronze,,5-7,Christopher D,66,Steve C,417,21876,ko2cv_channel,ko2cv,,,,false,medium,,3rd Place Final; video marked incomplete,,third_place,
DqgUrZr4K58,"Kick Off 2 Amiga, WC 2008 Athens, Semi Final leg 2, Gianni T - Panayotis P (8 - 3)",667,358,World Cup VIII (Athens),2008,match,semi,2,8-3,Gianni T,149,Panayotis P,350,14260,forum_index,alkelele,,,,false,high,Y,Also in: alkelele_channel,http://www.kickoff2.it/tmp/video_ko2/wc2008/Athens08_03_Semi1_A_Dagh_Alkis_7-5.avi,,
DtFWbubVr2U,UK Kick Off 2 UKC 2012 Durban 1-8 Dagh.mp4,691,545,Bournemouth III,2012,match,,,1-8,Mark W,282,Dagh N,73,20415,ko2cv_channel,ko2cv,,,,false,medium,,UKC 2012 Bournemouth III; filename Durban = Mark W (1–8 vs Dagh),,,
Dy-4Y3eHwWY,"Kick Off 2 Amiga, Milan I 2003, The Final leg 2, Gianni T - Gianluca T (1 - 4)",706,89,Milan,2003,match,final,2,1 - 4,Gianni T,149,Gianluca T,148,2414,forum_index,alkelele,,,,false,medium,Y,Also in: alkelele_channel,,,
E3z0nUEaEdQ,"Kick Off 2 Amiga, shot height, part 3",12,,,,stream,,,,,,,,,alkelele_channel,alkelele,,,,false,low,,,,,
E4bb_cUyH4w,"Kick Off 2 Amiga, WC 2002 Athens, Semi Final, Klaus Lo - Alkis P (5 - 5)",678,66,World Cup II (Athens),2002,match,semi,,5 - 5,Klaus Lo,233,Alkis P,14,1714,forum_index,alkelele,,,,false,high,,Also in: alkelele_channel,http://www.ko-gathering.com/media/tournaments/Athens2002/videos/Semi1%20-%20Klaus%20vs%20Alkis.WMV,,
EDfOxEpdJpI,"Kick Off 2 Amiga, WC 2003 Groningen, The Final leg 1, Martin J - Gianluca T (2 - 3)",691,115,World Cup III (Groningen),2003,match,final,1,2 - 3,Martin J,291,Gianluca T,148,3622,wc_finals_playlist,,PL_BZxDPPd88YKbQHLod_1EFHPa2iJSIQY,,,true,high,,"Also in: alkelele_channel, forum_index",http://www.ko-gathering.com/media/tournaments/Groningen2003/videos/Final1-MartinJvsFoxsoft.wmv,,
EVRy3x_Rhl0,"UKC08 - Silver Cup Final, Sid vs Garry",702,317,Birmingham VIII Silver Cup,2008,match,final,,1-4,Mandhir S,263,Garry C,134,12648,ko2cv_channel,ko2cv,,,,false,low,Y,Sid = Mandhir S,,,
EyvX8ivcoRg,Kick Off 2 World Cup 2013 - Part 13 - Presentations,1174,569,World Cup XIII (Voitsberg),2013,ceremony,,,,,,,,,ko2cv_channel,ko2cv,,,,false,medium,,,,,
FAaJ95De6po,Kick Off 2 World Cup 2025 - Quarter Final SandroT vs GianniT,1348,25,World Cup XXIII (Milan),2025,match,quarter,,,Gianni T,149,Sandro T,390,"27410,27411",ko2cv_channel,ko2cv,,,,false,medium,Y,dual-leg video (duration>=20min),,,multi
FpovMIdHdKs,Costas vs Philippos,675,,,,excluded,,,,Costas,,Philippos,,,costas_channel,costas,,,,false,low,Y,"dropped — friendly clip, no tournament context; dropped — friendly clip, no tournament context; dropped — friendly clip, no tournament context; dropped — friendly clip, no tournament context; dropped — friendly clip, no tournament context; dropped — friendly clip, no tournament context; dropped — friendly clip, no tournament context; dropped — friendly clip, no tournament context; dropped — friendly clip, no tournament context; dropped — friendly clip, no tournament context; dropped — friendly clip, no tournament context; dropped — friendly clip, no tournament context; dropped — friendly clip, no tournament context; dropped — friendly clip, no tournament context; dropped — friendly clip, no tournament context; dropped — friendly clip, no tournament context; dropped — friendly clip, no tournament context; dropped — friendly clip, no tournament context; dropped — friendly clip, no tournament context; dropped — friendly clip, no tournament context; dropped — friendly clip, no tournament context; dropped — friendly clip, no tournament context; dropped — friendly clip, no tournament context; dropped — friendly clip, no tournament context; dropped — friendly clip, no tournament context; dropped — friendly clip, no tournament context; dropped — friendly clip, no tournament context; dropped — friendly clip, no tournament context; dropped — friendly clip, no tournament context; dropped — friendly clip, no tournament context; dropped — friendly clip, no tournament context",,,
Fvytj-alrtA,"The 2010 Gathering - Dusseldorf, Germany: Rodolfo M - Lorenzo L (4 - 4)",,480,World Cup X (Dusseldorf),2010,match,silver,,4 - 4,Rodolfo M,385,Lorenzo L,250,18433,forum_index,,,forum-the-2010-gathering-dusseldorf-germany-silver-cup-final-rodolfo-m-lorenzo-l-4-4,alternate_recording,false,high,Y,,,,
G0-EQ16K0Ts,UKC08 - Awards 3,149,315,Birmingham VIII,2008,ceremony,ceremony,,,,,,,,ko2cv_channel,ko2cv,,,,false,low,Y,UKC08 awards segment 3; atmosphere for Birmingham VIII,,,
G05SgzVS0o0,Kick Off 2 World Cup 2013 - Part 12 - AlkisP vs AndyG,879,569,World Cup XIII (Voitsberg),2013,match,final,2,3-4,Alkis P,14,Andy G,30,21878,wc_finals_playlist,,PL_BZxDPPd88YKbQHLod_1EFHPa2iJSIQY,,,false,medium,,Also in: ko2cv_channel,,,
G6iNbK-Tv8Q,"Kick Off 2 Amiga, WC 2008 Athens, Semi Final leg 1, Panayotis P - Gianni T (2 - 7)",705,358,World Cup VIII (Athens),2008,match,semi,1,2-7,Panayotis P,350,Gianni T,149,14259,forum_index,alkelele,,,,false,high,Y,Also in: alkelele_channel,http://www.kickoff2.it/tmp/video_ko2/wc2008/Athens08_03_Semi1_A_Dagh_Alkis_7-5.avi,,
GIk2ZJSfRdI,Kick Off 2 UK Championship 2010 - Gold Cup,657,452,Birmingham XXI Gold Cup,2010,match,final,,3 - 5,Steve E,418,Jon G,210,17262,forum_index,ko2cv,,,,false,medium,Y,Also in: ko2cv_channel,,,
Gt7Xk1yLacA,KOA_WC2006_08_Final_Part1_Spyros_vs_Mario,658,206,World Cup VI (Rickmansworth),2006,match,final,1,6-1,Spyros P,406,Mario F,272,8443,ko2cv_channel,ko2cv,,dup-Gt7Xk1yLacA,canonical,true,low,Y,,,,
HC0unXAHeJE,Kick Off 2 World Cup 2013 - Part 09 - SteveC vs AlkisP (6-7),674,569,World Cup XIII (Voitsberg),2013,match,semi,2,6-7,Steve C,417,Alkis P,14,21875,ko2cv_channel,ko2cv,,,,false,medium,,,,,
HON9MVA9GNQ,Kick Off 2 UKC 2004 MartinJ vs RikkiF,651,104,Sheffield,2003,match,,,4-3,Martin J,291,Rikki F,380,3078,ko2cv_channel,ko2cv,,,,false,medium,Y,Title says UKC 2004; game is Sheffield 2003 league,,,
HY9YaIEduBY,"Kick Off 2 Amiga, WC 2005 Cologne, Semi Final 2nd leg, Gianluca T - Alkis P (5 - 5)",685,169,World Cup V (Cologne),2005,match,semi,,5 - 5,Gianluca T,148,Alkis P,14,6580,forum_index,alkelele,,,,false,high,,Also in: alkelele_channel,http://www.kickoffworld.net/Download/media/2005WorldCup/KOA_WC2005_SemiA_Game1_AlkisVsGianluca.wmv,,
Hjg8iSvXBgU,"Kick Off 2 World Cup 2017 Final, Leg 2 Gianni vs Dagh",783,603,World Cup XVII (Landskrona),2017,match,final,2,,Gianni T,149,Dagh N,73,24439,wc_finals_playlist,,PL_BZxDPPd88YKbQHLod_1EFHPa2iJSIQY,,,true,medium,,Also in: ko2cv_channel,,,
I1ZVzBQJH0w,Kick Off 2 World Cup 2013 - Part 07 - AlkisP vs SteveC (10-4),674,569,World Cup XIII (Voitsberg),2013,match,semi,1,10-4,Alkis P,14,Steve C,417,21874,ko2cv_channel,ko2cv,,,,false,medium,,,,,
I74mFcUp2wc,Athens08_01_Shame_Astrid_Andreas_8-1.avi,731,358,World Cup VIII (Athens),2008,excluded,shame,,8-1,Astrid L,41,Andreas Kl,21,,ko2cv_channel,ko2cv,,dup-vbivDdeLYzQ,alternate_recording,false,low,Y,DB phase=40th Place Final; filename says Shame; ko2cv duplicate; canonical=alkelele Game of Shame; ko2cv duplicate; canonical=alkelele Game of Shame; ko2cv duplicate; canonical=alkelele Game of Shame; ko2cv duplicate; canonical=alkelele Game of Shame; ko2cv duplicate; canonical=alkelele Game of Shame; ko2cv duplicate; canonical=alkelele Game of Shame; ko2cv duplicate; canonical=alkelele Game of Shame; ko2cv duplicate; canonical=alkelele Game of Shame; ko2cv duplicate; canonical=alkelele Game of Shame; ko2cv duplicate; canonical=alkelele Game of Shame; ko2cv duplicate; canonical=alkelele Game of Shame; ko2cv duplicate; canonical=alkelele Game of Shame; ko2cv duplicate; canonical=alkelele Game of Shame; ko2cv duplicate; canonical=alkelele Game of Shame,,,
I8YSVVTWK44,Kick Off 2 World Cup 2019 - Semi 2a - Gianni vs Thor,737,9,World Cup XIX (Bremen),2019,match,semi,1,4-6,Gianni T,149,Thor S,440,25456,ko2cv_channel,ko2cv,,,,false,low,,,,,
IQrS6QX0kFU,"Kick Off 2 Amiga, WC 2006 Rickmansworth, The Final 2nd leg, Mario F - Spyros P (3 - 6)",675,206,World Cup VI (Rickmansworth),2006,excluded,final,,3 - 6,Mario F,272,Spyros P,406,,wc_finals_playlist,,PL_BZxDPPd88YKbQHLod_1EFHPa2iJSIQY,dup-h5oChWYHl3c,alternate_recording,true,high,Y,"Also in: alkelele_channel, forum_index; ko2cv duplicate; canonical=KO2CV higher-quality Final leg 2; ko2cv duplicate; canonical=KO2CV higher-quality Final leg 2; ko2cv duplicate; canonical=KO2CV higher-quality Final leg 2; ko2cv duplicate; canonical=KO2CV higher-quality Final leg 2; ko2cv duplicate; canonical=KO2CV higher-quality Final leg 2; ko2cv duplicate; canonical=KO2CV higher-quality Final leg 2; ko2cv duplicate; canonical=KO2CV higher-quality Final leg 2; ko2cv duplicate; canonical=KO2CV higher-quality Final leg 2",http://www.kickoffworld.net/Download/media/2006WorldCup/KOA%20WC2006_08%20Final%20Part1%20Spyros%20vs%20Mario.wmv,,
IRn7__E2NDY,Kick Off 2 World Cup 2015 - Semi1 - Chris vs Gianni,453,585,World Cup XV (Dublin),2015,match,semi,1,,Christopher D,66,Gianni T,149,23048,ko2cv_channel,ko2cv,,,,false,low,,,,,
ITkMOeRnHg8,Kick Off 2 UKC 2002 Cup Semi Final Nazim vs Screech,732,75,Gloucester I Cup,2002,match,semi,,2-4,Nazim C,327,Steve S,420,605,ko2cv_channel,ko2cv,,,,false,low,Y,Screech = Steve S; UKC 2002 cup = Gloucester I Cup,,,
IY1TgkzEzEQ,UK Kick Off 2 UKC 2012 SimonB 2-7.mp4,733,545,Bournemouth III,2012,match,,,2-7,Simon B,398,Simon K,401,20414,ko2cv_channel,ko2cv,,,,false,medium,,UKC 2012 Bournemouth III,,,
IjnX42yQcRY,09 - Kick Off 2 World Cup 2012 18th Place - Klaus vs George,669,554,World Cup XII (Milan),2012,match,,,,Klaus Le,232,George Ka,141,21116,ko2cv_channel,ko2cv,,,,false,low,,,,,
JRW0kPHTP0Q,Goalie scores own goal - Kick Off 2,10,,,,excluded,,,,goal,,Kick,,,ko2cv_channel,ko2cv,,,,false,low,Y,,,,
JTeFCdHfZWQ,"Kick Off 2 Amiga, WC 2005 Cologne, Semi Final 1st leg, Klaus Lo - Gianni T (5 - 4)",651,169,World Cup V (Cologne),2005,match,semi,,5 - 4,Klaus Lo,233,Gianni T,149,6581,forum_index,alkelele,,,,false,high,,Also in: alkelele_channel,http://www.kickoffworld.net/Download/media/2005WorldCup/KOA_WC2005_SemiA_Game1_AlkisVsGianluca.wmv,,
J_0D7A3IKyQ,Lund II 2009: Dagh N - Volker B (12 - 0),,411,Lund II,2009,match,,,12 - 0,Dagh N,73,Volker B,461,15795,forum_index,,,,,false,high,Y,,,,
Jmf-dMGlr3Q,Athens08_07_3rdPlace_Alkis_Pana_8-3.avi,687,,,,coverage,,,,,,,,,ko2cv_channel,ko2cv,,,,false,low,,,,,
JnBrb7dgJvU,Kick Off 2 World Cup 2015 - Final (2nd leg) - Gianni vs Andy,713,585,World Cup XV (Dublin),2015,match,final,2,5-7,Gianni T,149,Andy G,30,23050,wc_finals_playlist,,PL_BZxDPPd88YKbQHLod_1EFHPa2iJSIQY,,,true,medium,Y,2nd leg Gianni vs Andy → Gianni player_a (23050),,,
Jrs5BU2gZHI,Kick Off 2 World Cup 2016 - 3rd place match - Dagh vs Oliver,675,596,World Cup XVI (Milan),2016,match,bronze,,,Dagh N,73,Oliver St,341,23899,ko2cv_channel,ko2cv,,,,false,low,,,,third_place,
KAATGhA6djQ,"Kick Off 2 Amiga, WC 2008 Athens, Third Place Final, Alkis P - Panayotis P (8 - 3)",687,358,World Cup VIII (Athens),2008,match,bronze,,8-3,Alkis P,14,Panayotis P,350,14261,forum_index,alkelele,,,,false,high,Y,Also in: alkelele_channel,http://www.kickoff2.it/tmp/video_ko2/wc2008/Athens08_07_3rdPlace_Alkis_Pana_8-3.avi,third_place,
L0I1H0cp5t8,Kick Off 2 World Cup 2015 - Presentations,576,585,World Cup XV (Dublin),2015,ceremony,,,,,,,,,ko2cv_channel,ko2cv,,,,false,medium,,,,,
L4Hb-TEZdJw,Spyros vs Robert 3-4-2011,696,499,Athens LXXVIII,2011,match,,,7 - 4,Spyros P,406,Robert S,382,18940,forum_index,costas,,,,false,medium,Y,Also in: costas_channel,,,
LFpZ1gBzjDE,Kick Off 2 World Cup 2024 - Exhibition game,556,20,World Cup XXII (Nottingham),2024,coverage,,,,,,,,,ko2cv_channel,ko2cv,,,,false,medium,,,,,
LJRUWpE77hM,KOA_WC2006_04_Semi2_Part2_Marco_vs_Mario,644,206,World Cup VI (Rickmansworth),2006,match,semi,2,3-3,Marco D,269,Mario F,272,8440,ko2cv_channel,ko2cv,,dup-LJRUWpE77hM,canonical,false,low,Y,,,,
Ltf8h1mGsgQ,"Kick Off 2 Amiga, WC 2004 Milano, Semi final 1st leg, Steve C - Luigi F (5 - 5)",697,140,World Cup IV (Milan),2004,match,semi,,5 - 5,Steve C,417,Luigi F,257,4898,forum_index,alkelele,,,,false,high,,Also in: alkelele_channel,http://www.ko-gathering.com/media/tournaments/Milan2004/videos/WC2004_Semi1A_SteveC_Luigi.wmv,,
MHbxHxZlxBw,Kick Off 2 World Cup 2023   Semi Final 1A Fabio vs Gianni,734,16,World Cup XXI (Torremolinos),2023,match,semi,,,Fabio F,109,Gianni T,149,26299,ko2cv_channel,ko2cv,,,,false,low,,,,,
MaNou8ep0w0,Lund II 2009: Jacob K - Dagh N (4 - 7),,411,Lund II,2009,match,,,4 - 7,Jacob K,180,Dagh N,73,15818,forum_index,,,,,false,high,Y,,,,
MepMouBwZNM,"Kick Off 2 Amiga, Milan I 2003, Semi Final leg 2, Luigi F - Gianluca (3 - 4)",718,89,Milan,2003,match,semi,2,3 - 4,Luigi F,257,Gianluca T,148,2410,forum_index,alkelele,,,,false,low,Y,Also in: alkelele_channel,,,
MfAz4uCl090,Ektoras scores against SteveC,11,,,,excluded,,,,Ektoras K,100,Steve C,417,,ko2cv_channel,ko2cv,,,,false,low,Y,11s highlight clip (not a full match); players for catalog only,,,
Mtb4qPBQg6o,KOA WC 2007,659,280,World Cup VII (Rome),2007,match,semi,1,4-3,Gianni T,149,Gianluca T,148,11345,ko2cv_channel,ko2cv,,dup-Mtb4qPBQg6o,canonical,false,medium,Y,KOA WC 2007 upload; higher quality Semi1 leg 1 (replaces gmCjZSeyLqE),,,
MzpUQkr5Nec,Kick Off 2 World Cup 2022 Part6 Semi2B Lorenzo vs Chris,796,14,World Cup XX (Athens),2022,match,semi,2,4-4,Lorenzo L,250,Christopher D,66,25988,ko2cv_channel,ko2cv,,,,false,medium,,,,,
N69irzFsepM,Kick Off 2 World Cup 2014 - World Champions 4 Player match,677,577,World Cup XIV (Copenhagen),2014,coverage,,,,,,,,,ko2cv_channel,ko2cv,,,,false,medium,,,,,
NR-ZIg1NU_E,Kick Off 2 UK Championship 2010 -  League - RobertS vs SteveC,656,451,Birmingham XXI,2010,match,league,,4 - 2,Robert S,382,Steve C,417,17225,forum_index,ko2cv,,,,false,medium,Y,Also in: ko2cv_channel,,,
Naw-nd2TbHs,Kick Off 2 UK Championship 2009 - Awards,245,412,Birmingham XIV,2009,ceremony,,,,,,,,,ko2cv_channel,ko2cv,,,,false,low,Y,,,,
NefQKdI85Ls,KOA WC 2010  - Semi1B - Gianni vs Ektoras,788,480,World Cup X (Dusseldorf),2010,match,semi,,11 - 5,Gianni T,149,Ektoras K,100,18459,forum_index,ko2cv,,forum-the-2010-gathering-dusseldorf-germany-semi-finals-gianni-t-ektoras-k-11-5,canonical,false,high,Y,Also in: ko2cv_channel,,,
Nh0PrW-3fq0,05 - Kick Off 2 World Cup 2012 Semi Final 2B - Gianni vs Gianluca,809,554,World Cup XII (Milan),2012,match,semi,,,Gianni T,149,Gianluca T,148,21273,ko2cv_channel,ko2cv,,,,false,low,,,,,
NlPK82Ss_6I,WC2009 Presentations Part 2,546,418,World Cup IX (Voitsberg),2009,ceremony,,,,,,,,,ko2cv_channel,ko2cv,,,,false,medium,,,,,
NmI2Dr8fcxc,KOA_WC2006_02_Semi2_Part1_Mario_vs_Marco,652,206,World Cup VI (Rickmansworth),2006,match,semi,1,6-5,Mario F,272,Marco D,269,8439,ko2cv_channel,ko2cv,,dup-NmI2Dr8fcxc,canonical,false,low,Y,,,,
NtLXNXS76gc,Nikos vs Spyros 3-4-2011,824,499,Athens LXXVIII,2011,match,,,4 - 1,Nikos A,334,Spyros P,406,18893,forum_index,costas,,,,false,medium,Y,Also in: costas_channel,,,
NwvNl2Ye-bY,Kick Off 2 WC2001 Dartford Part4c Sunday,61,26,World Cup I (Dartford),2001,stream,,,,,,,,,ko2cv_channel,ko2cv,,,,false,medium,,,,,
OEEPDiPpuh4,"Kick Off 2 Amiga, shot height, part 9",11,,,,stream,,,,,,,,,alkelele_channel,alkelele,,,,false,low,,,,,
OE_wVb2JheU,Kick Off 2 World Cup 2019 - Final - Andy vs Thor,1743,9,World Cup XIX (Bremen),2019,match,final,,,Thor S,440,Andy G,30,"25458,25459",wc_finals_playlist,,PL_BZxDPPd88YKbQHLod_1EFHPa2iJSIQY,,,true,medium,Y,Also in: ko2cv_channel; dual-leg video (duration>=20min),,,multi
OUK4KIBe5aQ,Kick Off 2 World Cup 2023   3rd Place Fabio vs Andy,748,16,World Cup XXI (Torremolinos),2023,match,bronze,,,Fabio F,109,Andy G,30,26308,ko2cv_channel,ko2cv,,,,false,low,,,,third_place,
Oa3wLWR8NxE,Kick Off 2 World Cup 2014 - Final (1st leg) - Gianni vs Fabio,671,577,World Cup XIV (Copenhagen),2014,match,final,,,Gianni T,149,Fabio F,109,22466,wc_finals_playlist,,PL_BZxDPPd88YKbQHLod_1EFHPa2iJSIQY,,,true,medium,,Also in: ko2cv_channel,,,
OgCg0JtmA_w,Kick Off 2 World Cup 2022 Part9 FinalB Lorenzo vs Gianni,712,14,World Cup XX (Athens),2022,match,final,2,4-9,Lorenzo L,250,Gianni T,149,25991,wc_finals_playlist,,PL_BZxDPPd88YKbQHLod_1EFHPa2iJSIQY,,,false,medium,,Also in: ko2cv_channel,,,
Oo0DeaZojnw,UK Kick Off 2 UKC 2012 Garry 4-7 Dagh.mp4,839,545,Bournemouth III,2012,match,,,4-7,Dagh N,73,Garry C,134,20434,ko2cv_channel,ko2cv,,,,false,medium,,UKC 2012 Bournemouth III,,,
P7Hy8ukFMV4,Athens08_05_Semi1_B_Alkis_Dagh_1-12.avi,753,,,,coverage,,,,,,,,,ko2cv_channel,ko2cv,,,,false,low,,,,,
P8C9aNmr9UE,"Kick Off 2 Amiga, WC 2009 Voitsberg, The Final leg 1, Gianni T - Spyros P (8 - 7)",656,418,World Cup IX (Voitsberg),2009,match,final,1,8-7,Gianni T,149,Spyros P,406,16403,wc_finals_playlist,,PL_BZxDPPd88YKbQHLod_1EFHPa2iJSIQY,wc2009-final-leg1,canonical,true,high,Y,"Also in: alkelele_channel, forum_index",,,
PHUo3q_WS_4,"Kick Off 2 Amiga, WC 2008 Athens, Semi Final leg 1, Dagh N - Alkis P (7 - 5)",718,358,World Cup VIII (Athens),2008,match,semi,1,7-5,Dagh N,73,Alkis P,14,14257,forum_index,alkelele,,,,false,high,Y,Also in: alkelele_channel,http://www.kickoff2.it/tmp/video_ko2/wc2008/Athens08_03_Semi1_A_Dagh_Alkis_7-5.avi,,
PITHWH7eM3Q,01 - Kick Off 2 World Cup 2012 Silver Cup Final MarkW - LorenzoL,714,554,World Cup XII (Milan),2012,match,silver,,3-1,Mark W,282,Lorenzo L,250,21117,ko2cv_channel,ko2cv,,,,false,low,Y,17th place final (silver bracket; top 16 to gold),,,
P_j0YFs76OM,KOA_WC2006_03_Semi1_Part2_Spyros_vs_Gianni,935,206,World Cup VI (Rickmansworth),2006,match,semi,2,6-4,Spyros P,406,Gianni T,149,8438,ko2cv_channel,ko2cv,,dup-P_j0YFs76OM,canonical,false,low,Y,Video title notes e.t. 2-1,,,
Q73jrEIrBWQ,KOA WC 2010  - FinalA - Dagh vs Gianni,752,480,World Cup X (Dusseldorf),2010,match,final,,8 - 5,Dagh N,73,Gianni T,149,18463,wc_finals_playlist,,PL_BZxDPPd88YKbQHLod_1EFHPa2iJSIQY,forum-the-2010-gathering-dusseldorf-germany-the-final-dagh-n-gianni-t-8-5,canonical,false,high,Y,"Also in: forum_index, ko2cv_channel",,,
QAvqfuA_HqA,Kick Off 2 World Cup 2025 - Bronze Final DennyM vs KoneyK,659,25,World Cup XXIII (Milan),2025,match,final,,,Koney K,236,Denny M,93,27372,ko2cv_channel,ko2cv,,,,false,medium,,,,,
QRDBY-ExNPw,KOA WC2006,410,206,World Cup VI (Rickmansworth),2006,stream,,,,,,,,,ko2cv_channel,ko2cv,,,,false,medium,,,,,
QTvT5F3y-Zk,03 - Kick Off 2 World Cup 2012 Semi Final 2A - Gianluca vs Gianni,701,554,World Cup XII (Milan),2012,match,semi,,,Gianluca T,148,Gianni T,149,21271,ko2cv_channel,ko2cv,,,,false,low,,,,,
QVHa_ZOkkWM,"Kick Off 2 Amiga, WC 2004 Milano, Semi final 2nd leg, Luigi F - Steve C (6 - 2)",687,140,World Cup IV (Milan),2004,match,semi,,6 - 2,Luigi F,257,Steve C,417,4899,forum_index,alkelele,,,,false,high,,Also in: alkelele_channel,http://www.ko-gathering.com/media/tournaments/Milan2004/videos/WC2004_Semi1A_SteveC_Luigi.wmv,,
QWW3l6xH7o8,Kick Off 2 UK Championship 2010 - League - SteveE vs RobertS,653,451,Birmingham XXI,2010,match,league,,8 - 4,Steve E,418,Robert S,382,17240,forum_index,ko2cv,,,,false,medium,Y,Also in: ko2cv_channel,,,
QWWEGczIsXU,Kick Off 2 UK Championship 2010 - League- GarryC vs SteveC,655,451,Birmingham XXI,2010,match,league,,5 - 5,Steve C,417,Garry C,134,17188,forum_index,ko2cv,,,,false,medium,Y,Also in: ko2cv_channel,,,
QXZG9t_THv4,Kick Off 2 World Cup 2019 - 3rd place - Fabio vs Gianni,825,9,World Cup XIX (Bremen),2019,match,bronze,,,Gianni T,149,Fabio F,109,25457,ko2cv_channel,ko2cv,,,,false,low,,,,third_place,
Q_TwhVZdJYg,"UKC08 - Gold Cup Final, Waynie vs Jon",705,316,Birmingham VIII Gold Cup,2008,match,final,,,Wayne L,463,Jon G,210,12642,ko2cv_channel,ko2cv,,,,false,low,,,,,
Qc_IgYQqR3Q,UK Kick Off 2 UKC 2012 Steve C 4-4 Simon K.mp4,702,545,Bournemouth III,2012,match,,,4-4,Steve C,417,Simon K,401,20435,ko2cv_channel,ko2cv,,,,false,medium,,UKC 2012 Bournemouth III,,,
Qj3sd9e0aNw,Kick Off 2 WC2011 - 8. Final2 - Alkis vs Gianni.avi,646,526,World Cup XI (Birmingham),2011,match,final,2,4-8,Alkis P,14,Gianni T,149,20112,wc_finals_playlist,,PL_BZxDPPd88YKbQHLod_1EFHPa2iJSIQY,,,true,medium,,Also in: ko2cv_channel,,,
QvMrT4AabSQ,"Kick Off 2 World Cup 2016 - Semi Final B, Leg 2 - Gianni vs Oliver",702,596,World Cup XVI (Milan),2016,match,semi,2,,Gianni T,149,Oliver St,341,23898,ko2cv_channel,ko2cv,,,,false,low,,,,,
Qz8CUZ1evzY,Athens08_09_Final_B_Gianni_Dagh_8-2.avi,717,358,World Cup VIII (Athens),2008,excluded,final,2,8-2,Gianni T,149,Dagh N,73,,ko2cv_channel,ko2cv,,dup-mZe4uA7CG00,alternate_recording,false,low,Y,ko2cv duplicate; canonical=alkelele final leg 2; ko2cv duplicate; canonical=alkelele final leg 2; ko2cv duplicate; canonical=alkelele final leg 2; ko2cv duplicate; canonical=alkelele final leg 2; ko2cv duplicate; canonical=alkelele final leg 2; ko2cv duplicate; canonical=alkelele final leg 2; ko2cv duplicate; canonical=alkelele final leg 2; ko2cv duplicate; canonical=alkelele final leg 2; ko2cv duplicate; canonical=alkelele final leg 2; ko2cv duplicate; canonical=alkelele final leg 2; ko2cv duplicate; canonical=alkelele final leg 2; ko2cv duplicate; canonical=alkelele final leg 2; ko2cv duplicate; canonical=alkelele final leg 2; ko2cv duplicate; canonical=alkelele final leg 2,,,
RIQPzjxScMs,02 - Kick Off 2 World Cup 2012 Semi Final 1A - Dagh vs Andy,658,554,World Cup XII (Milan),2012,match,semi,,,Dagh N,73,Andy G,30,21270,ko2cv_channel,ko2cv,,,,false,low,,,,,
RMGeWarwrEo,Kick Off 2 - Sheffield style,400,,,,coverage,,,,,,,,,ko2cv_channel,ko2cv,,,,false,low,,,,,
RRz0OwZFzD4,Kick Off 2 Amiga goal compilation,156,,,,compilation,,,,,,,,,alkelele_channel,alkelele,,,,false,low,,,,,
RUS5l3mciP8,Kick Off 2 Amiga Pinball Goal,19,,,,coverage,,,,,,,,,alkelele_channel,alkelele,,,,false,low,,,,,
RZSWrrP8ufg,"Kick Off 2 Amiga, WC 2005 Cologne, Game of Shame",680,169,World Cup V (Cologne),2005,excluded,shame,,,,,,,,alkelele_channel,alkelele,,,,false,low,Y,WC 2005 Game of Shame — no game in ko2amiga_db; WC 2005 Game of Shame — no game in ko2amiga_db; WC 2005 Game of Shame — no game in ko2amiga_db; WC 2005 Game of Shame — no game in ko2amiga_db; WC 2005 Game of Shame — no game in ko2amiga_db; WC 2005 Game of Shame — no game in ko2amiga_db; WC 2005 Game of Shame — no game in ko2amiga_db; WC 2005 Game of Shame — no game in ko2amiga_db; WC 2005 Game of Shame — no game in ko2amiga_db; WC 2005 Game of Shame — no game in ko2amiga_db; WC 2005 Game of Shame — no game in ko2amiga_db; WC 2005 Game of Shame — no game in ko2amiga_db; WC 2005 Game of Shame — no game in ko2amiga_db; WC 2005 Game of Shame — no game in ko2amiga_db; WC 2005 Game of Shame — no game in ko2amiga_db; WC 2005 Game of Shame — no game in ko2amiga_db; WC 2005 Game of Shame — no game in ko2amiga_db; WC 2005 Game of Shame — no game in ko2amiga_db; WC 2005 Game of Shame — no game in ko2amiga_db; WC 2005 Game of Shame — no game in ko2amiga_db; WC 2005 Game of Shame — no game in ko2amiga_db; WC 2005 Game of Shame — no game in ko2amiga_db; WC 2005 Game of Shame — no game in ko2amiga_db; WC 2005 Game of Shame — no game in ko2amiga_db; WC 2005 Game of Shame — no game in ko2amiga_db; WC 2005 Game of Shame — no game in ko2amiga_db; WC 2005 Game of Shame — no game in ko2amiga_db; WC 2005 Game of Shame — no game in ko2amiga_db; WC 2005 Game of Shame — no game in ko2amiga_db; WC 2005 Game of Shame — no game in ko2amiga_db; WC 2005 Game of Shame — no game in ko2amiga_db,,,
RvVpHHEDuks,"Kick Off 2 Amiga, WC 2004 Milano, Semi final 1st leg, Nikos A - Gianluca T (3 - 5)",712,140,World Cup IV (Milan),2004,match,semi,,3 - 5,Nikos A,334,Gianluca T,148,4900,forum_index,alkelele,,,,false,high,,Also in: alkelele_channel,http://www.ko-gathering.com/media/tournaments/Milan2004/videos/WC2004_Semi1A_SteveC_Luigi.wmv,,
SR_XBWDW3zk,"Kick Off 2 World Cup 2016 - Semi Final A, Leg 1 - Dagh vs Thor",688,596,World Cup XVI (Milan),2016,match,semi,1,,Dagh N,73,Thor S,440,23895,ko2cv_channel,ko2cv,,,,false,low,,,,,
Sfgi2K2t36o,KOA Kick Off 2 World Cup 2007 Final 1 Part 1 - Gianni vs Spyros,656,280,World Cup VII (Rome),2007,match,final,1,4-4,Gianni T,149,Spyros P,406,11350,wc_finals_playlist,,PL_BZxDPPd88YKbQHLod_1EFHPa2iJSIQY,,,false,medium,Y,Also in: ko2cv_channel,,,
ShvzfJ0oxSE,04 - Kick Off 2 World Cup 2012 Semi Final 1B - Andy vs Dagh,730,554,World Cup XII (Milan),2012,match,semi,2,0-8,Andy G,30,Dagh N,73,21272,ko2cv_channel,ko2cv,,,,false,low,,,,,
SnXmRNT2Wlw,"Kick Off 2 Amiga, shot height, part 6",10,,,,stream,,,,,,,,,alkelele_channel,alkelele,,,,false,low,,,,,
SzWNnJPtOcg,"Kick Off 2 Amiga, WC 2009 Voitsberg, The Final leg 2, Spyros P - Gianni T (6 - 7)",661,418,World Cup IX (Voitsberg),2009,match,final,2,6-7,Spyros P,406,Gianni T,149,16402,alkelele_channel,alkelele,,wc2009-final-leg2,canonical,false,medium,Y,,,,
TAp83vT0-0U,Kick Off 2 Amiga PBD and NOPBD,256,,,,coverage,,,,,,,,,alkelele_channel,alkelele,,,,false,low,,,,,
TIixxHSjASc,Kick Off 2 World Cup 2014 - Semi2 (2nd leg) - Fabio vs Dagh,1422,577,World Cup XIV (Copenhagen),2014,match,semi,2,9-9,Fabio F,109,Dagh N,73,22464,ko2cv_channel,ko2cv,,,,false,low,,2nd leg only (2_AnWxbb6ho is leg 1); not dual-leg despite duration,,,
Tyl2qK0xVg0,"Kick Off 2 Amiga, WC 2003 Groningen, Third Place Final leg 1, Nikos A - Alkis P (3 - 2)",719,115,World Cup III (Groningen),2003,match,final,1,3 - 2,Nikos A,334,Alkis P,14,3620,forum_index,alkelele,,,,false,high,,Also in: alkelele_channel,http://www.ko-gathering.com/media/tournaments/Groningen2003/videos/3rdPlace1-NikosvsAlkis.WMV,third_place,
UKK1qptd08c,Kick Off 2 Goal analysis in KO2CV,54,,,,coverage,,,,,,,,,ko2cv_channel,ko2cv,,,,false,low,,,,,
UMshtbULLR0,Kick Off 2 Amiga Lobby Shootout,251,,,,coverage,,,,,,,,,alkelele_channel,alkelele,,,,false,low,,,,,
WAQmMceg1PA,Kick Off 2 World Cup 2024 - Semi Final 2A GianniT vs BlazejU,696,20,World Cup XXII (Nottingham),2024,match,semi,,,Gianni T,149,Blazej U,46,26875,ko2cv_channel,ko2cv,,,,false,medium,,,,,
WI-Z16dV4aw,Kick Off 2 World Cup 2025 - Quarter Final FabioF v LorenzoL,1330,25,World Cup XXIII (Milan),2025,match,quarter,,,Fabio F,109,Lorenzo L,250,"27404,27405",ko2cv_channel,ko2cv,,,,false,medium,Y,dual-leg video (duration>=20min),,,multi
WOygixawR5o,Kick Off 2 WC2001 Dartford Part2b Saturday,510,26,World Cup I (Dartford),2001,stream,,,,,,,,,ko2cv_channel,ko2cv,,,,false,medium,,,,,
WVbWU3N_67o,"Kick Off 2 Amiga, WC 2006 Rickmansworth, The Final 1st leg, Spyros P - Mario F (6 - 1)",658,206,World Cup VI (Rickmansworth),2006,excluded,final,,6 - 1,Spyros P,406,Mario F,272,,wc_finals_playlist,,PL_BZxDPPd88YKbQHLod_1EFHPa2iJSIQY,dup-Gt7Xk1yLacA,alternate_recording,true,high,Y,"Also in: alkelele_channel, forum_index; ko2cv duplicate; canonical=KO2CV higher-quality Final leg 1; ko2cv duplicate; canonical=KO2CV higher-quality Final leg 1; ko2cv duplicate; canonical=KO2CV higher-quality Final leg 1; ko2cv duplicate; canonical=KO2CV higher-quality Final leg 1; ko2cv duplicate; canonical=KO2CV higher-quality Final leg 1; ko2cv duplicate; canonical=KO2CV higher-quality Final leg 1; ko2cv duplicate; canonical=KO2CV higher-quality Final leg 1; ko2cv duplicate; canonical=KO2CV higher-quality Final leg 1",http://www.kickoffworld.net/Download/media/2006WorldCup/KOA%20WC2006_08%20Final%20Part1%20Spyros%20vs%20Mario.wmv,,
WWCQVtY1YEo,"Kick Off 2 Amiga, WC 2009 Voitsberg, Semi Final leg 1, Spyros P - Fabio F (2 - 2)",643,418,World Cup IX (Voitsberg),2009,match,semi,1,2-2,Spyros P,406,Fabio F,109,16398,forum_index,alkelele,,,,false,high,Y,Also in: alkelele_channel,,,
Wf9EoF-TAEQ,Kick Off 2 WC2011 - 5. Semi2b - Alkis vs Andy.avi,683,526,World Cup XI (Birmingham),2011,match,semi,2,8-4,Alkis P,14,Andy G,30,20109,ko2cv_channel,ko2cv,,,,false,low,,,,,
WqDriFRJyUc,"Kick Off 2 Amiga, WC 2006 Rickmansworth, 3rd Place Final leg 2, Marco D - Gianni T (1 - 5)",688,206,World Cup VI (Rickmansworth),2006,excluded,final,2,1 - 5,Marco D,269,Gianni T,149,,forum_index,alkelele,,dup-CKSWCu7uzSU,alternate_recording,false,high,Y,Also in: alkelele_channel; ko2cv duplicate; canonical=KO2CV higher-quality 3rd-place leg 2; ko2cv duplicate; canonical=KO2CV higher-quality 3rd-place leg 2; ko2cv duplicate; canonical=KO2CV higher-quality 3rd-place leg 2; ko2cv duplicate; canonical=KO2CV higher-quality 3rd-place leg 2; ko2cv duplicate; canonical=KO2CV higher-quality 3rd-place leg 2; ko2cv duplicate; canonical=KO2CV higher-quality 3rd-place leg 2; ko2cv duplicate; canonical=KO2CV higher-quality 3rd-place leg 2; ko2cv duplicate; canonical=KO2CV higher-quality 3rd-place leg 2,http://www.kickoffworld.net/Download/media/2006WorldCup/KOA%20WC2006_06%20Playoff%20Part1%20Gianni%20vs%20Marco.wmv,third_place,
XcFclfKPO_I,Kick Off 2 WC2011 - 7. Final1 - Gianni vs Alkis.avi,636,526,World Cup XI (Birmingham),2011,match,final,1,9-1,Gianni T,149,Alkis P,14,20111,wc_finals_playlist,,PL_BZxDPPd88YKbQHLod_1EFHPa2iJSIQY,,,true,medium,,Also in: ko2cv_channel,,,
XqKIB0Yabno,UK Kick Off 2 UKC 2012 RobertS 1-3 SimonB,790,545,Bournemouth III,2012,match,,,1-3,Robert S,382,Simon B,398,20410,ko2cv_channel,ko2cv,,,,false,medium,,UKC 2012 Bournemouth III,,,
Y1lWJ3t5n2Y,Lund II 2009 Kick Off 2 tournament,114,411,Lund II,2009,coverage,,,,,,,,,alkelele_channel,alkelele,,,,false,medium,,,,,
YQ1mKq7W6w0,KOA_WC2007_6_3rdPlace_Sandro_vs_Gianluca,679,280,World Cup VII (Rome),2007,match,bronze,,7-8,Sandro T,390,Gianluca T,148,11349,ko2cv_channel,ko2cv,,,,false,low,Y,,,third_place,
YbBokouIaCc,KOA_WC2009_1_GameOfShame_Andreas_vs_Astrid,659,418,World Cup IX (Voitsberg),2009,excluded,shame,,,,,,,,ko2cv_channel,ko2cv,,dup-wyfn0CGhpIA,alternate_recording,false,low,Y,duplicate of forum/alkelele WC 2009 shame upload; duplicate of forum/alkelele WC 2009 shame upload; duplicate of forum/alkelele WC 2009 shame upload; duplicate of forum/alkelele WC 2009 shame upload; duplicate of forum/alkelele WC 2009 shame upload; duplicate of forum/alkelele WC 2009 shame upload; duplicate of forum/alkelele WC 2009 shame upload; duplicate of forum/alkelele WC 2009 shame upload; duplicate of forum/alkelele WC 2009 shame upload; duplicate of forum/alkelele WC 2009 shame upload; duplicate of forum/alkelele WC 2009 shame upload; duplicate of forum/alkelele WC 2009 shame upload; duplicate of forum/alkelele WC 2009 shame upload; duplicate of forum/alkelele WC 2009 shame upload; duplicate of forum/alkelele WC 2009 shame upload; duplicate of forum/alkelele WC 2009 shame upload; duplicate of forum/alkelele WC 2009 shame upload; duplicate of forum/alkelele WC 2009 shame upload; duplicate of forum/alkelele WC 2009 shame upload; duplicate of forum/alkelele WC 2009 shame upload; duplicate of forum/alkelele WC 2009 shame upload; duplicate of forum/alkelele WC 2009 shame upload; duplicate of forum/alkelele WC 2009 shame upload; duplicate of forum/alkelele WC 2009 shame upload; duplicate of forum/alkelele WC 2009 shame upload; duplicate of forum/alkelele WC 2009 shame upload; duplicate of forum/alkelele WC 2009 shame upload; duplicate of forum/alkelele WC 2009 shame upload; duplicate of forum/alkelele WC 2009 shame upload; duplicate of forum/alkelele WC 2009 shame upload; duplicate of forum/alkelele WC 2009 shame upload,,,
YjhOh2gXgkY,BARRETT baby!,9,,,,coverage,,,,,,,,,costas_channel,costas,,,,false,low,,,,,
Ywq9-YG73VU,Kick Off 2 World Cup 2019 - Silver Final - Jorn vs Joerg,767,9,World Cup XIX (Bremen),2019,match,final,,,Jorn F,218,Jorg P,216,25356,ko2cv_channel,ko2cv,,,,false,low,,,,,
ZAZb7CiQD6Q,Kick Off 2 UK Championship 2010 - League - SimonK vs RobertS,655,451,Birmingham XXI,2010,match,league,,4 - 4,Simon K,401,Robert S,382,17247,forum_index,ko2cv,,,,false,medium,Y,Also in: ko2cv_channel,,,
ZPZsVJ0UMD8,"Kick Off 2 Amiga, WC 2002 Athens, Semi Final, Rikki F - Spyros P (9 - 5)",657,66,World Cup II (Athens),2002,match,semi,,9 - 5,Rikki F,380,Spyros P,406,1717,forum_index,alkelele,,,,false,high,,Also in: alkelele_channel,http://www.ko-gathering.com/media/tournaments/Athens2002/videos/Semi1%20-%20Klaus%20vs%20Alkis.WMV,,
ZbSFc1HYg1s,Kick Off 2 World Cup 2025 - 3rd Place Final FabioF vs ChristopherD,695,25,World Cup XXIII (Milan),2025,match,final,,,Fabio F,109,Christopher D,66,27416,ko2cv_channel,ko2cv,,,,false,medium,,,,third_place,
_41FztyGDFs,Kick Off 2 UK Championship 2010 - League - SimonK vs SteveC,657,451,Birmingham XXI,2010,match,league,,2 - 6,Simon K,401,Steve C,417,17232,forum_index,ko2cv,,,,false,medium,Y,Also in: ko2cv_channel,,,
_C__CYJq91k,Nikos vs Alkis 3-4-2011,731,499,Athens LXXVIII,2011,match,,,5 - 4,Nikos A,334,Alkis P,14,18881,forum_index,costas,,,,false,medium,Y,Also in: costas_channel,,,
_M07rV3t-Cg,WC2009 Presentations Part 4,540,418,World Cup IX (Voitsberg),2009,ceremony,,,,,,,,,ko2cv_channel,ko2cv,,,,false,medium,,,,,
_lhsp2abyu4,"Kick Off 2 Amiga, WC 2005 Cologne, Third Place Final 2nd leg, Alkis P - Klaus Lo (8 - 1)",628,169,World Cup V (Cologne),2005,match,final,,8 - 1,Alkis P,14,Klaus Lo,233,6583,forum_index,alkelele,,,,false,high,,Also in: alkelele_channel,http://www.kickoffworld.net/Download/media/2005WorldCup/KOA_WC2005_3rd4th_Game1_KlausVsAlkis.wmv,third_place,
_wJ7Zf-CBxg,Kick Off 2 World Cup 2023   Semi Final 2B Thor vs Andy,799,16,World Cup XXI (Torremolinos),2023,match,semi,,,Thor S,440,Andy G,30,26301,ko2cv_channel,ko2cv,,,,false,low,,,,,
_wgCVuxFhqI,"Kick Off 2 Amiga, WC 2003 Groningen, Semi Final leg 1, Gianluca T - Nikos A (3 - 2)",660,115,World Cup III (Groningen),2003,match,semi,1,3 - 2,Gianluca T,148,Nikos A,334,3618,forum_index,alkelele,,,,false,high,,Also in: alkelele_channel,http://www.ko-gathering.com/media/tournaments/Groningen2003/videos/Semis1-AlkisvsMartinJ.wmv,,
_zF-BvJdcrs,"Kick Off 2 Amiga, WC 2006 Rickmansworth, Semi Final leg 2, Marco D - Mario F (3 - 3)",644,206,World Cup VI (Rickmansworth),2006,excluded,semi,2,3 - 3,Marco D,269,Mario F,272,,forum_index,alkelele,,dup-LJRUWpE77hM,alternate_recording,false,high,Y,Also in: alkelele_channel; ko2cv duplicate; canonical=KO2CV higher-quality Semi2 leg 2; ko2cv duplicate; canonical=KO2CV higher-quality Semi2 leg 2; ko2cv duplicate; canonical=KO2CV higher-quality Semi2 leg 2; ko2cv duplicate; canonical=KO2CV higher-quality Semi2 leg 2; ko2cv duplicate; canonical=KO2CV higher-quality Semi2 leg 2; ko2cv duplicate; canonical=KO2CV higher-quality Semi2 leg 2; ko2cv duplicate; canonical=KO2CV higher-quality Semi2 leg 2; ko2cv duplicate; canonical=KO2CV higher-quality Semi2 leg 2,http://www.kickoffworld.net/Download/media/2006WorldCup/KOA%20WC2006_01%20Semi1%20Part1%20Gianni%20vs%20Spyros.wmv,,
a-OmwoP1OjM,KOA_WC2009_8_Final_1_Gianni_vs_Spyros,656,418,World Cup IX (Voitsberg),2009,excluded,final,1,,Gianni T,149,Spyros P,406,,ko2cv_channel,ko2cv,,dup-P8C9aNmr9UE,alternate_recording,false,low,Y,ko2cv duplicate; canonical=alkelele final leg 1 (was wrongly 16402); ko2cv duplicate; canonical=alkelele final leg 1 (was wrongly 16402); ko2cv duplicate; canonical=alkelele final leg 1 (was wrongly 16402); ko2cv duplicate; canonical=alkelele final leg 1 (was wrongly 16402); ko2cv duplicate; canonical=alkelele final leg 1 (was wrongly 16402); ko2cv duplicate; canonical=alkelele final leg 1 (was wrongly 16402); ko2cv duplicate; canonical=alkelele final leg 1 (was wrongly 16402); ko2cv duplicate; canonical=alkelele final leg 1 (was wrongly 16402); ko2cv duplicate; canonical=alkelele final leg 1 (was wrongly 16402); ko2cv duplicate; canonical=alkelele final leg 1 (was wrongly 16402); ko2cv duplicate; canonical=alkelele final leg 1 (was wrongly 16402); ko2cv duplicate; canonical=alkelele final leg 1 (was wrongly 16402); ko2cv duplicate; canonical=alkelele final leg 1 (was wrongly 16402); ko2cv duplicate; canonical=alkelele final leg 1 (was wrongly 16402); ko2cv duplicate; canonical=alkelele final leg 1 (was wrongly 16402); ko2cv duplicate; canonical=alkelele final leg 1 (was wrongly 16402),,,
aOTQ7MbdVCU,"Kick Off 2 Amiga, WC 2005 Cologne, KOA Cup Final 1st leg, Filippo D - Jorn F (3 - 2)",698,169,World Cup V (Cologne),2005,match,final,1,3 - 2,Filippo D,114,Jorn F,218,6679,forum_index,alkelele,,,,false,high,,Also in: alkelele_channel,http://www.kickoffworld.net/Download/media/2005WorldCup/KOA_WC2005_KOACup_Game1_FilippoVsJorn.wmv,,
aQQOtUDVi3Q,"Kick Off 2 Amiga, WC 2004 Milano, The Final leg 2, Gianluca T - Luigi F (6 - 1)",718,140,World Cup IV (Milan),2004,match,final,2,6 - 1,Gianluca T,148,Luigi F,257,4905,wc_finals_playlist,,PL_BZxDPPd88YKbQHLod_1EFHPa2iJSIQY,,,true,high,,"Also in: alkelele_channel, forum_index",http://www.ko-gathering.com/media/tournaments/Milan2004/videos/WC2004_FinalA_Luigi_Gianluca.wmv,,
bHjAB8MU_BI,UKC08 - Awards 1,10,315,Birmingham VIII,2008,ceremony,ceremony,,,,,,,,ko2cv_channel,ko2cv,,,,false,low,Y,UKC08 awards segment 1; atmosphere for Birmingham VIII,,,
bYVUlrMQ2yw,"Kick Off 2 Amiga, WC 2009 Voitsberg, Semi Final leg 2, Fabio F - Spyros P (1 - 5)",685,418,World Cup IX (Voitsberg),2009,match,semi,2,1-5,Fabio F,109,Spyros P,406,16397,forum_index,alkelele,,,,false,high,Y,Also in: alkelele_channel,,,
bvdkP6rHmMo,"Kick Off 2 Amiga, WC 2006 Rickmansworth, Game of Shame",1144,206,World Cup VI (Rickmansworth),2006,match,shame,,,Saskia B,395,Oliver V,342,8573,alkelele_channel,alkelele,,dup-bvdkP6rHmMo,canonical,false,low,Y,sole game of shame at event,,,
c7B7vNWDSG4,German Championship 2008 | Wiesbaden: Frank F - Oliver St (5 - 9),,352,Wiesbaden V,2008,match,final,,9 - 5,Oliver St,341,Frank F,124,13742,forum_index,,,,,false,high,Y,,,,
c8DNf5trFgI,"Kick Off 2 Amiga, WC 2003 Groningen, The Final leg 2, Gianluca T - Martin J (3 - 3)",701,115,World Cup III (Groningen),2003,match,final,2,3 - 3,Gianluca T,148,Martin J,291,3623,wc_finals_playlist,,PL_BZxDPPd88YKbQHLod_1EFHPa2iJSIQY,,,true,high,,"Also in: alkelele_channel, forum_index",http://www.ko-gathering.com/media/tournaments/Groningen2003/videos/Final1-MartinJvsFoxsoft.wmv,,
c8MWCUbpIkI,Kick Off 2 UK Championship 2010 - League - JonG vs SteveE,657,451,Birmingham XXI,2010,match,league,,5 - 5,Jon G,210,Steve E,418,17222,forum_index,ko2cv,,,,false,medium,Y,Also in: ko2cv_channel,,,
cOSzeLNq0kk,Kick Off 2 World Cup 2025 - Silver Final AlessandroV v SteveC,689,25,World Cup XXIII (Milan),2025,match,final,,,Alessandro V,9,Steve C,417,27387,ko2cv_channel,ko2cv,,,,false,low,,,,,
cW-fs3RkkCc,Kick Off 2 World Cup 2013 - Part 06 - ChrisD vs AndyG (5-6),700,569,World Cup XIII (Voitsberg),2013,match,semi,1,5-6,Andy G,30,Christopher D,66,21872,ko2cv_channel,ko2cv,,,,false,medium,,,,,
cWfCxEtpnLk,Kick Off 2 World Cup 2024 - Semi Final 2B BlazejU vs GianniT,686,20,World Cup XXII (Nottingham),2024,match,semi,,,Blazej U,46,Gianni T,149,26876,ko2cv_channel,ko2cv,,,,false,medium,,,,,
ckj8ZR43Y9k,"Kick Off 2 Amiga, WC 2008 Athens, Silver Cup Final, George Ka - Rodolfo (3 - 3) (extra time: 1 - 2)",932,358,World Cup VIII (Athens),2008,match,silver,,3-3,George Ka,141,Rodolfo M,385,14216,forum_index,alkelele,,wc2008-george-rodolfo-silver,canonical,false,medium,Y,14216 FT 3-3; amiga_games.extra=4-5 e.t.,http://www.kickoff2.it/tmp/video_ko2/wc2008/Athens08_02_SilverCup_George_Rodolfo_4-5.avi,,
cuAMYwl77RU,Kick Off 2 World Cup 2015 - Semi2 - Oliver vs Andy,695,585,World Cup XV (Dublin),2015,match,semi,,,Oliver St,341,Andy G,30,23052,ko2cv_channel,ko2cv,,,,false,low,,,,,
cx68A7ElEE4,KOA WC 2010 - Semi1A - Ektoras vs Gianni (2nd Half),321,480,World Cup X (Dusseldorf),2010,match,semi,,5 - 10,Ektoras K,100,Gianni T,149,18458,forum_index,ko2cv,,forum-the-2010-gathering-dusseldorf-germany-semi-finals-ektoras-k-gianni-t-5-10,canonical,false,high,Y,Also in: ko2cv_channel,,,
d4f5GRbEKsU,07 - Kick Off 2 World Cup 2012 Final1 - Gianluca vs Dagh,765,554,World Cup XII (Milan),2012,match,final,1,3-8,Gianluca T,148,Dagh N,73,21275,wc_finals_playlist,,PL_BZxDPPd88YKbQHLod_1EFHPa2iJSIQY,,,true,medium,Y,1st leg Gianluca vs Dagh (3-8),,,
dAu2aU7NanA,"Kick Off 2 Amiga, WC 2002 Athens, The Final leg 1, Alkis P - Rikki F (6 - 4)",697,66,World Cup II (Athens),2002,match,final,1,6 - 4,Alkis P,14,Rikki F,380,1719,wc_finals_playlist,,PL_BZxDPPd88YKbQHLod_1EFHPa2iJSIQY,,,true,high,,"Also in: alkelele_channel, forum_index",http://www.ko-gathering.com/media/tournaments/Athens2002/videos/Final1%20-%20Alkis%20v%20Rikki.wmv,,
dBaJ49KO0nE,KOA_WC2006_06_Playoff_Part1_Gianni_vs_Marco,662,206,World Cup VI (Rickmansworth),2006,match,bronze,1,3-6,Gianni T,149,Marco D,269,8441,ko2cv_channel,ko2cv,,dup-dBaJ49KO0nE,canonical,false,low,Y,Video title Playoff = 3rd Place Final,,,
dImjRtXqiDQ,"Kick Off 2 Amiga, WC 2006 Rickmansworth, Semi Final leg 1, Mario F - Marco D (6 - 5)",652,206,World Cup VI (Rickmansworth),2006,excluded,semi,1,6 - 5,Mario F,272,Marco D,269,,forum_index,alkelele,,dup-NmI2Dr8fcxc,alternate_recording,false,high,Y,Also in: alkelele_channel; ko2cv duplicate; canonical=KO2CV higher-quality Semi2 leg 1; ko2cv duplicate; canonical=KO2CV higher-quality Semi2 leg 1; ko2cv duplicate; canonical=KO2CV higher-quality Semi2 leg 1; ko2cv duplicate; canonical=KO2CV higher-quality Semi2 leg 1; ko2cv duplicate; canonical=KO2CV higher-quality Semi2 leg 1; ko2cv duplicate; canonical=KO2CV higher-quality Semi2 leg 1; ko2cv duplicate; canonical=KO2CV higher-quality Semi2 leg 1; ko2cv duplicate; canonical=KO2CV higher-quality Semi2 leg 1,http://www.kickoffworld.net/Download/media/2006WorldCup/KOA%20WC2006_01%20Semi1%20Part1%20Gianni%20vs%20Spyros.wmv,,
dMVJ6XY9VGg,Panasonic vs Nikos 3-4-2011,703,499,Athens LXXVIII,2011,match,,,2 - 4,Panayotis P,350,Nikos A,334,18907,forum_index,costas,,,,false,medium,Y,Also in: costas_channel,,,
daBFhVF5biw,Kick Off 2 World Cup 2025  - Presentations,2686,25,World Cup XXIII (Milan),2025,ceremony,,,,,,,,,ko2cv_channel,ko2cv,,,,false,medium,,,,,
djcl_9OzZ_A,KOA WC 2010 Presentations Part 2,427,480,World Cup X (Dusseldorf),2010,ceremony,,,,,,,,,ko2cv_channel,ko2cv,,,,false,medium,,,,,
dpA0oqrKhcI,UK Kick Off 2 UKC 2012 Dagh 9-7 Andy.mp4,634,546,Bournemouth IV,2012,match,,,9-7,Dagh N,73,Andy G,30,20463,ko2cv_channel,ko2cv,,,,false,medium,,UKC 2012 Bournemouth IV,,,
e1zwTiFc19Q,"Kick Off 2 Amiga, WC 2006 Rickmansworth, 3rd Place Final leg 1, Gianni T - Marco D (3 - 6)",662,206,World Cup VI (Rickmansworth),2006,excluded,final,1,3 - 6,Gianni T,149,Marco D,269,,forum_index,alkelele,,dup-dBaJ49KO0nE,alternate_recording,false,high,Y,Also in: alkelele_channel; ko2cv duplicate; canonical=KO2CV higher-quality 3rd-place leg 1; ko2cv duplicate; canonical=KO2CV higher-quality 3rd-place leg 1; ko2cv duplicate; canonical=KO2CV higher-quality 3rd-place leg 1; ko2cv duplicate; canonical=KO2CV higher-quality 3rd-place leg 1; ko2cv duplicate; canonical=KO2CV higher-quality 3rd-place leg 1; ko2cv duplicate; canonical=KO2CV higher-quality 3rd-place leg 1; ko2cv duplicate; canonical=KO2CV higher-quality 3rd-place leg 1; ko2cv duplicate; canonical=KO2CV higher-quality 3rd-place leg 1,http://www.kickoffworld.net/Download/media/2006WorldCup/KOA%20WC2006_06%20Playoff%20Part1%20Gianni%20vs%20Marco.wmv,third_place,
eO0cByqpD1o,Athens08_08_Final_A_Dahg_Gianni_6-4.avi,704,358,World Cup VIII (Athens),2008,excluded,final,1,6-4,Dagh N,73,Gianni T,149,,ko2cv_channel,ko2cv,,dup-wTqyB6iHKjU,alternate_recording,false,low,Y,ko2cv duplicate; canonical=alkelele final leg 1; ko2cv duplicate; canonical=alkelele final leg 1; ko2cv duplicate; canonical=alkelele final leg 1; ko2cv duplicate; canonical=alkelele final leg 1; ko2cv duplicate; canonical=alkelele final leg 1; ko2cv duplicate; canonical=alkelele final leg 1; ko2cv duplicate; canonical=alkelele final leg 1; ko2cv duplicate; canonical=alkelele final leg 1; ko2cv duplicate; canonical=alkelele final leg 1; ko2cv duplicate; canonical=alkelele final leg 1; ko2cv duplicate; canonical=alkelele final leg 1; ko2cv duplicate; canonical=alkelele final leg 1; ko2cv duplicate; canonical=alkelele final leg 1; ko2cv duplicate; canonical=alkelele final leg 1,,,
eaU-lZWTVpk,08 - Kick Off 2 World Cup 2012 Final2 - Dagh vs Gianluca,783,554,World Cup XII (Milan),2012,match,final,2,6-5,Dagh N,73,Gianluca T,148,21276,wc_finals_playlist,,PL_BZxDPPd88YKbQHLod_1EFHPa2iJSIQY,,,true,medium,Y,2nd leg Dagh vs Gianluca (6-5),,,
ep8C_PjV-Ns,Kick Off 2 World Cup 2022 Part4 Semi2A Chris vs Lorenzo,731,14,World Cup XX (Athens),2022,match,semi,1,1-2,Christopher D,66,Lorenzo L,250,25987,ko2cv_channel,ko2cv,,,,false,medium,,,,,
eywyoWFw09o,Robert vs Panasonic 3-4-2011,754,499,Athens LXXVIII,2011,match,,,5 - 4,Robert S,382,Panayotis P,350,18862,forum_index,costas,,,,false,medium,Y,Also in: costas_channel,,,
fXi9Nl0QtPY,Kick Off 2 Amiga The Heat Is On!,231,,,,coverage,,,,,,,,,alkelele_channel,alkelele,,,,false,low,,,,,
faDpXO85onM,Kick Off 2 World Cup 2015 - Silver Cup - Lee W vs Jorg P,700,585,World Cup XV (Dublin),2015,match,silver,,,Lee W,245,Jorg P,216,23051,ko2cv_channel,ko2cv,,,,false,low,,,,,
fmgSSgTmEXE,KOA WC 2010  - FinalB - Gianni vs Dagh,735,480,World Cup X (Dusseldorf),2010,match,final,,1 - 9,Gianni T,149,Dagh N,73,18464,wc_finals_playlist,,PL_BZxDPPd88YKbQHLod_1EFHPa2iJSIQY,forum-the-2010-gathering-dusseldorf-germany-the-final-gianni-t-dagh-n-1-9,canonical,false,high,Y,"Also in: forum_index, ko2cv_channel",,,
gQRU5LdmyRk,Kick Off 2 World Cup 2024 - Semi Final 1A FabioF vs AndyG,671,20,World Cup XXII (Nottingham),2024,match,semi,,,Fabio F,109,Andy G,30,26873,ko2cv_channel,ko2cv,,,,false,medium,,,,,
gVWIaJt3xaI,Kick Off 2 UK Championship 2010 - Bronze Cup,657,454,Birmingham XXI Bronze Cup,2010,match,bronze,,4 - 1,Andy H,31,Grant N,156,17268,forum_index,ko2cv,,,,false,medium,Y,Also in: ko2cv_channel,,,
gXDfN4FIpoA,Athens08_10_Presentations.avi,951,,,,ceremony,,,,,,,,,ko2cv_channel,ko2cv,,,,false,low,,,,,
gZbUmzg0wIM,Kick Off 2 World Cup 2025 - Semi Final 2 ChristopherD v GianniT,1597,25,World Cup XXIII (Milan),2025,match,semi,,,Christopher D,66,Gianni T,149,"27414,27415",ko2cv_channel,ko2cv,,,,false,medium,Y,dual-leg video (duration>=20min),,,multi
ggCaDPaEKwI,Kick Off 2 World Cup 2016 - Awards,1142,596,World Cup XVI (Milan),2016,ceremony,,,,,,,,,ko2cv_channel,ko2cv,,,,false,medium,,,,,
gmCjZSeyLqE,Gianni T vs Gianluca T,659,280,World Cup VII (Rome),2007,excluded,semi,1,4-3,Gianni T,149,Gianluca T,148,,ko2cv_channel,ko2cv,,dup-Mtb4qPBQg6o,alternate_recording,false,low,Y,KO2CV Semi1 Part1 (generic upload title); ko2cv duplicate; canonical=KOA WC 2007 higher-quality Semi1 leg 1; ko2cv duplicate; canonical=KOA WC 2007 higher-quality Semi1 leg 1; ko2cv duplicate; canonical=KOA WC 2007 higher-quality Semi1 leg 1; ko2cv duplicate; canonical=KOA WC 2007 higher-quality Semi1 leg 1; ko2cv duplicate; canonical=KOA WC 2007 higher-quality Semi1 leg 1; ko2cv duplicate; canonical=KOA WC 2007 higher-quality Semi1 leg 1; ko2cv duplicate; canonical=KOA WC 2007 higher-quality Semi1 leg 1; ko2cv duplicate; canonical=KOA WC 2007 higher-quality Semi1 leg 1; ko2cv duplicate; canonical=KOA WC 2007 higher-quality Semi1 leg 1; ko2cv duplicate; canonical=KOA WC 2007 higher-quality Semi1 leg 1; ko2cv duplicate; canonical=KOA WC 2007 higher-quality Semi1 leg 1; ko2cv duplicate; canonical=KOA WC 2007 higher-quality Semi1 leg 1,,,
gmTGWqrpfvk,"Kick Off 2 Amiga, shot height, part 1",12,,,,stream,,,,,,,,,alkelele_channel,alkelele,,,,false,low,,,,,
gmVFrhEr_IQ,Nikos vs Gianni 3-4-2011,730,499,Athens LXXVIII,2011,match,,,3 - 5,Nikos A,334,Gianni T,149,18863,forum_index,costas,,,,false,medium,Y,Also in: costas_channel,,,
h37gtaFJ0g0,Kick Off 2 World Cup 2019 - Semi 1b - Andy vs Fabio,1073,9,World Cup XIX (Bremen),2019,match,semi,2,8-5,Andy G,30,Fabio F,109,25454,ko2cv_channel,ko2cv,,,,false,low,,,,,
h5oChWYHl3c,KOA_WC2006_09_Final_Part2_Mario_vs_Spyros,675,206,World Cup VI (Rickmansworth),2006,match,final,2,3-6,Mario F,272,Spyros P,406,8444,ko2cv_channel,ko2cv,,dup-h5oChWYHl3c,canonical,true,low,Y,,,,
hI2M85q0R6E,"Kick Off 2 Amiga, WC 2009 Voitsberg, Semi Final leg 2, Gianni T - Alkis P (7 - 4)",662,418,World Cup IX (Voitsberg),2009,match,semi,2,7-4,Gianni T,149,Alkis P,14,16400,forum_index,alkelele,,,,false,high,Y,Also in: alkelele_channel,,,
hIdXiRATwOs,Kick Off 2 Online World Cup - 15 Nov 2020,5312,,World Cup 2020?,2020,excluded,,,,,,,,,ko2cv_channel,ko2cv,,,,false,high,Y,Online WC — excluded from offline Amiga tournament pages,,,
hOX45SSMPPs,Athens08_04_Semi2_A_Panayotis_Gianni_2-7.avi,705,,,,coverage,,,,,,,,,ko2cv_channel,ko2cv,,,,false,low,,,,,
hd4GtPhnaqs,Kick Off 2 World Cup 2023   Semi Final 1B Gianni vs Fabio,709,16,World Cup XXI (Torremolinos),2023,match,semi,2,6-4,Fabio F,109,Gianni T,149,26299,ko2cv_channel,ko2cv,,,,false,low,,,,,
hruT4dpRISM,"Kick Off 2 Amiga, WC 2006 Rickmansworth, Semi Final leg 1, Gianni T - Spyros P (7 - 5)",662,206,World Cup VI (Rickmansworth),2006,excluded,semi,1,7 - 5,Gianni T,149,Spyros P,406,,forum_index,alkelele,,dup-vxoUhV8syYU,alternate_recording,false,high,Y,Also in: alkelele_channel; ko2cv duplicate; canonical=KO2CV higher-quality Semi1 leg 1; ko2cv duplicate; canonical=KO2CV higher-quality Semi1 leg 1; ko2cv duplicate; canonical=KO2CV higher-quality Semi1 leg 1; ko2cv duplicate; canonical=KO2CV higher-quality Semi1 leg 1; ko2cv duplicate; canonical=KO2CV higher-quality Semi1 leg 1; ko2cv duplicate; canonical=KO2CV higher-quality Semi1 leg 1; ko2cv duplicate; canonical=KO2CV higher-quality Semi1 leg 1; ko2cv duplicate; canonical=KO2CV higher-quality Semi1 leg 1,http://www.kickoffworld.net/Download/media/2006WorldCup/KOA%20WC2006_01%20Semi1%20Part1%20Gianni%20vs%20Spyros.wmv,,
id4h0U5UvQA,Kick Off 2 World Cup 2013 - Part 04 - ChrisD vs AndyG (5-1),670,569,World Cup XIII (Voitsberg),2013,match,,,5-1,Christopher D,66,Andy G,30,21833,ko2cv_channel,ko2cv,,,,false,medium,,Round 2 Group E,,,
iq4NHKCZ70g,"Kick Off 2 Amiga, WC 2002 Athens, Quater Finals leg 1, Alkis P - Martin B (6 - 4)",684,66,World Cup II (Athens),2002,match,quarter,1,6 - 4,Alkis P,14,Martin B,287,1710,forum_index,alkelele,,,,false,high,,Also in: alkelele_channel,http://www.ko-gathering.com/media/tournaments/Athens2002/videos/Quarters1%20-%20Klaus%20vs%20Jim.WMV,,
jEIh5fOToEM,Kick Off 2 World Cup 2013 - Part 11 - AndyG vs AlkisP,717,569,World Cup XIII (Voitsberg),2013,match,final,1,3-5,Andy G,30,Alkis P,14,21877,wc_finals_playlist,,PL_BZxDPPd88YKbQHLod_1EFHPa2iJSIQY,,,false,medium,,Also in: ko2cv_channel,,,
jQFCJskHR7k,Kick Off 2 WC2001 Dartford Part2a Saturday,478,26,World Cup I (Dartford),2001,stream,,,,,,,,,ko2cv_channel,ko2cv,,,,false,medium,,,,,
jW_cWLpzN74,Kick Off 2 World Cup 2024 - Silver Cup Final IlkerC vs SteveB,736,20,World Cup XXII (Nottingham),2024,match,final,,,Ilker C,178,Steve B,415,26856,ko2cv_channel,ko2cv,,,,false,low,,,,,
jpgjtT1ufto,"Kick Off 2 Amiga, WC 2008 Athens, Presentations",951,358,World Cup VIII (Athens),2008,ceremony,,,,,,,,,alkelele_channel,alkelele,,,,false,medium,,,,,
jw2FZ1ab4G4,"Kick Off 2 Amiga, Milan I 2003, Quarter Final leg 1, Nikos A - Gianni T (4 - 3)",670,89,Milan,2003,match,quarter,1,4 - 3,Nikos A,334,Gianni T,149,2399,forum_index,alkelele,,,,false,medium,Y,Also in: alkelele_channel,,,
k-olmsY16pE,"Kick Off 2 Amiga, shot height, part 10",9,,,,stream,,,,,,,,,alkelele_channel,alkelele,,,,false,low,,,,,
kGvwgX81CqA,Kick Off 2 World Cup 2013 - Part 01 - Opening Ceremony,553,569,World Cup XIII (Voitsberg),2013,ceremony,,,,,,,,,ko2cv_channel,ko2cv,,,,false,medium,,,,,
kOTZ1zFlqGo,How to play Amiga Kick Off 2 on your PC,107,,,,coverage,,,,,,,,,alkelele_channel,alkelele,,,,false,low,,,,,
kmMOfnSFj_A,Kick Off 2 World Cup 2022 Part3 Semi1A Fabio vs Gianni,712,14,World Cup XX (Athens),2022,match,semi,1,3-4,Fabio F,109,Gianni T,149,25985,ko2cv_channel,ko2cv,,,,false,medium,,,,,
krkqtGxF47Y,"Kick Off 2 Amiga, WC 2004 Milano, The Final leg 1, Luigi F - Gianluca T (2 - 7)",700,140,World Cup IV (Milan),2004,match,final,1,2 - 7,Luigi F,257,Gianluca T,148,4904,wc_finals_playlist,,PL_BZxDPPd88YKbQHLod_1EFHPa2iJSIQY,,,true,high,,"Also in: alkelele_channel, forum_index",http://www.ko-gathering.com/media/tournaments/Milan2004/videos/WC2004_FinalA_Luigi_Gianluca.wmv,,
l9TEWoZoZnI,"Kick Off 2 Amiga, WC 2009 Voitsberg, Silver Cup Final, Tommaso R - Rodolfo M (1 - 4)",659,418,World Cup IX (Voitsberg),2009,match,silver,,1-4,Lorenzo C,249,Rodolfo M,385,16356,forum_index,alkelele,,wc2009-silver-final,canonical,false,medium,Y,Tommaso R = Lorenzo C (17th place silver final),,,
lMOUiLnRliE,KOA_WC2007_3_Semi1_Part2_Gianluca_vs_Gianni,664,280,World Cup VII (Rome),2007,match,semi,2,1-6,Gianluca T,148,Gianni T,149,11346,ko2cv_channel,ko2cv,,,,false,low,Y,,,,
lV0Yk5k6njM,Kick Off 2 World Cup 2024 - 3rd Place AndyG vs BlazejU,661,20,World Cup XXII (Nottingham),2024,match,bronze,,,Andy G,30,Blazej U,46,26877,ko2cv_channel,ko2cv,,,,false,medium,,,,third_place,
liHK9Hwyjm8,"Kick Off 2 Amiga, shot height, part 7",9,,,,stream,,,,,,,,,alkelele_channel,alkelele,,,,false,low,,,,,
mB36oHYr8mU,Spyros vs Gianni 3-4-2011,729,499,Athens LXXVIII,2011,match,,,6 - 11,Spyros P,406,Gianni T,149,18946,forum_index,costas,,,,false,medium,Y,Also in: costas_channel,,,
mDxXCqbxMR8,Kick Off 2 World Cup 2013 - Part 02 - Battle of Shame (2v2),372,569,World Cup XIII (Voitsberg),2013,stream,shame,,,,,,,,ko2cv_channel,ko2cv,,,,false,medium,,2v2 Battle of Shame side event; no rated game in ko2amiga_db,,,
mVwaFBudzl0,10 - Kick Off 2 World Cup 2012 Presentations Part1,185,554,World Cup XII (Milan),2012,ceremony,,,,,,,,,ko2cv_channel,ko2cv,,,,false,medium,,,,,
mZe4uA7CG00,"Kick Off 2 Amiga, WC 2008 Athens, The Final leg 2, Gianni T - Dagh N (8 - 2)",717,358,World Cup VIII (Athens),2008,match,final,2,8-2,Gianni T,149,Dagh N,73,14263,wc_finals_playlist,,PL_BZxDPPd88YKbQHLod_1EFHPa2iJSIQY,wc2008-final-leg2,canonical,true,high,Y,"Also in: alkelele_channel, forum_index",http://www.kickoff2.it/tmp/video_ko2/wc2008/Athens08_08_Final_A_Dagh_Gianni_6-4.avi,,
mviyUyoihmk,"Kick Off 2 Amiga, Milan I 2003, Gianni T - Filippo D (2 - 3)",806,89,Milan,2003,match,,,2 - 3,Gianni T,149,Filippo D,114,2341,forum_index,alkelele,,,,false,medium,Y,Also in: alkelele_channel,,,
mx0jEWsyobI,Kick Off 2 Amiga Two pinballs and a fluke,37,,,,coverage,,,,,,,,,alkelele_channel,alkelele,,,,false,low,,,,,
n-UGRK8G-3M,Panasonic vs Gianni 3-4-2011,679,499,Athens LXXVIII,2011,match,,,6 - 3,Gianni T,149,Panayotis P,350,18870,forum_index,costas,,,,false,medium,Y,Also in: costas_channel,,,
n-lLmj9Bn6c,"Kick Off 2 Amiga, shot height, part 12",11,,,,stream,,,,,,,,,alkelele_channel,alkelele,,,,false,low,,,,,
n0bjJU_-Pho,KOA_WC2007_7_Shame_Astrid_vs_AndreasK,702,280,World Cup VII (Rome),2007,match,shame,,2-1,Astrid L,41,Andreas Kl,21,11447,ko2cv_channel,ko2cv,,,,false,low,Y,,,,
n628wK6NuPE,Kick Off 2 World Cup 2014 - Presentations,1195,577,World Cup XIV (Copenhagen),2014,ceremony,,,,,,,,,ko2cv_channel,ko2cv,,,,false,medium,,,,,
nHCgeNguYjo,Athens08_06_Semi2_B_Gianni_Panayotis_8-3.avi,667,,,,coverage,,,,,,,,,ko2cv_channel,ko2cv,,,,false,low,,,,,
nWgq4EJIOJk,Kick Off 2 WC2011 - 1. Silver Cup Final - Jorn vs Jorg.avi,742,526,World Cup XI (Birmingham),2011,match,silver,,2-3,Jorn F,218,Jorg P,216,20009,ko2cv_channel,ko2cv,,,,false,low,,Video title Silver Cup Final; DB phase=17th Place Final,,,
nc5Yn3r0tpo,"Kick Off 2 Amiga, Milan I 2003, The Final leg 1, Gianluca T - Gianni T (1 - 3)",712,89,Milan,2003,match,final,1,1 - 3,Gianluca T,148,Gianni T,149,2413,forum_index,alkelele,,,,false,medium,Y,Also in: alkelele_channel,,,
o-mKEhGVUjc,Kick Off 2 World Cup 2022 Part7 3rdPlace Fabio vs Chris,792,14,World Cup XX (Athens),2022,match,bronze,,5-4,Fabio F,109,Christopher D,66,25989,ko2cv_channel,ko2cv,,,,false,medium,,,,third_place,
oHcgm2-b9eg,"Kick Off 2 Amiga, WC 2005 Cologne, The Final 2nd leg, Gianni T - Gianluca T (2 - 7)",719,169,World Cup V (Cologne),2005,match,final,,2 - 7,Gianni T,149,Gianluca T,148,6586,wc_finals_playlist,,PL_BZxDPPd88YKbQHLod_1EFHPa2iJSIQY,,,true,high,,"Also in: alkelele_channel, forum_index",http://www.kickoffworld.net/Download/media/2005WorldCup/KOA_WC2005_Final_Game1_GianlucaVsGianni.wmv,,
oMT6gCY322c,Kick Off 2 WC2011 - 4. Semi1b - Lorenzo vs Gianni.avi,721,526,World Cup XI (Birmingham),2011,match,semi,2,1-5,Lorenzo C,249,Gianni T,149,20108,ko2cv_channel,ko2cv,,,,false,low,,,,,
oVJslPzb2b4,"Kick Off 2 Amiga, WC 2003 Groningen, Semi Final leg 2, Nikos A - Gianluca T (3 - 3)",668,115,World Cup III (Groningen),2003,match,semi,2,3 - 3,Nikos A,334,Gianluca T,148,3619,forum_index,alkelele,,,,false,high,,Also in: alkelele_channel,http://www.ko-gathering.com/media/tournaments/Groningen2003/videos/Semis1-AlkisvsMartinJ.wmv,,
p0iNyuWlDIs,"Kick Off 2 Amiga, WC 2003 Groningen, Semi Final leg 2, Martin J - Alkis P (1 - 2)",713,115,World Cup III (Groningen),2003,match,semi,2,1 - 2,Martin J,291,Alkis P,14,3617,forum_index,alkelele,,,,false,high,,Also in: alkelele_channel,http://www.ko-gathering.com/media/tournaments/Groningen2003/videos/Semis1-AlkisvsMartinJ.wmv,,
p5d5s11rHMw,KO2 UKC 2002,534,32,Gloucester I,2002,coverage,,,,,,,,,ko2cv_channel,ko2cv,,,,false,medium,Y,UKC 2002 Gloucester coverage; not WC 2002 Athens,,,
pIDEAsFjR-o,Ektoras vs Robert 3-4-2011,635,499,Athens LXXVIII,2011,match,,,4 - 5,Ektoras K,100,Robert S,382,18916,forum_index,costas,,,,false,medium,Y,Also in: costas_channel,,,
pO11NmkWHwk,11 - Kick Off 2 World Cup 2012 Presentations Part2,1367,554,World Cup XII (Milan),2012,ceremony,,,,,,,,,ko2cv_channel,ko2cv,,,,false,medium,,,,,
pZC2wayc8Hk,Kick Off 2 World Cup 2015 - Final (1st leg) - Andy vs Gianni,689,585,World Cup XV (Dublin),2015,match,final,1,10-6,Andy G,30,Gianni T,149,23054,wc_finals_playlist,,PL_BZxDPPd88YKbQHLod_1EFHPa2iJSIQY,,,true,medium,Y,1st leg Andy vs Gianni → Andy player_a (23054),,,
qYJoeg727ns,Kick Off 2 World Cup 2024 - Semi Final 1B AndyG vs FabioF,691,20,World Cup XXII (Nottingham),2024,match,semi,2,3-12,Andy G,30,Fabio F,109,26874,ko2cv_channel,ko2cv,,,,false,medium,,,,,
qbivyMf5tzk,Kick Off 2 WC2001 Dartford Part4a Sunday,597,26,World Cup I (Dartford),2001,stream,,,,,,,,,ko2cv_channel,ko2cv,,,,false,medium,,,,,
qdjwpEKcKog,Kick Off 2 WC2001 Dartford Part1 Friday,275,26,World Cup I (Dartford),2001,stream,,,,,,,,,ko2cv_channel,ko2cv,,,,false,medium,,,,,
qhpd0y30pMs,Kick Off 2 Amiga 2014 July 10,85,,,2014,excluded,,,,,,,,,alkelele_channel,alkelele,,,,false,medium,,Not WC XIV; generic Amiga clip (July 2014),,,
qkuI-DlWtlY,Michael vs George 3-4-2011,856,499,Athens LXXVIII,2011,match,,,1 - 2,Michael Ma,315,George Ka,141,18927,forum_index,costas,,,,false,medium,Y,Also in: costas_channel,,,
r3VCe2ULxtY,Kick Off 2 UKC 2002 Cup Final Screech vs Bill,710,75,Gloucester I Cup,2002,match,final,,2-7,Steve S,420,Bill V,44,606,ko2cv_channel,ko2cv,,,,false,low,Y,Screech = Steve S; UKC 2002 cup final,,,
r51TubowiOA,"Kick Off 2 Amiga, shot height, part 8",6,,,,stream,,,,,,,,,alkelele_channel,alkelele,,,,false,low,,,,,
rOunQzfpmGM,Kick Off 2 Amiga Goal Scoring Tutorial,593,,,,coverage,,,,,,,,,alkelele_channel,alkelele,,,,false,low,,,,,
rWC_SyUpVsY,Athens08_03_Semi1_A_Dagh_Alkis_7-5.avi,718,,,,coverage,,,,,,,,,ko2cv_channel,ko2cv,,,,false,low,,,,,
rY3wB0A1RL8,Kick Off 2 Amiga Height Traps,34,,,,coverage,,,,,,,,,alkelele_channel,alkelele,,,,false,low,,,,,
rbAjYQzxx3E,Costas vs Antonis 3-4-2011,670,499,Athens LXXVIII,2011,match,,,5 - 4,Kostas O,240,Antonis T,37,18872,forum_index,costas,,,,false,medium,Y,Also in: costas_channel,,,
rlUSam_X2BI,"Kick Off 2 Amiga, WC 2005 Cologne, Third Place Final 1st leg, Klaus Lo - Alkis P (4 - 9)",683,169,World Cup V (Cologne),2005,match,final,,4 - 9,Klaus Lo,233,Alkis P,14,6584,forum_index,alkelele,,,,false,high,,Also in: alkelele_channel,http://www.kickoffworld.net/Download/media/2005WorldCup/KOA_WC2005_3rd4th_Game1_KlausVsAlkis.wmv,third_place,
rnEzge6zaQc,KOA_WC2007_9_Final_Part2_Spyros_vs_Gianni,743,280,World Cup VII (Rome),2007,match,final,2,6-3,Spyros P,406,Gianni T,149,11351,wc_finals_playlist,,PL_BZxDPPd88YKbQHLod_1EFHPa2iJSIQY,,,false,low,Y,Also in: ko2cv_channel,,,
rqXl5Io_tes,Injured Fisher,12,,,,coverage,,,,,,,,,ko2cv_channel,ko2cv,,,,false,low,,,,,
sAaNK85KZL4,"Kick Off 2 Amiga, WC 2005 Cologne, Semi Final 1st leg, Alkis P - Gianluca T (1 - 10)",662,169,World Cup V (Cologne),2005,match,semi,,1 - 10,Alkis P,14,Gianluca T,148,6579,forum_index,alkelele,,,,false,high,,Also in: alkelele_channel,http://www.kickoffworld.net/Download/media/2005WorldCup/KOA_WC2005_SemiA_Game1_AlkisVsGianluca.wmv,,
sGlHoDTbKCE,UKC08_CamberVsSwift.avi,728,315,Birmingham VIII,2008,match,,,3-3,Steve C,417,Robert S,382,12608,ko2cv_channel,ko2cv,,,,false,low,Y,Filename CamberVsSwift is wrong; Steve C vs Robert S,,,
sb4jYnARFHk,Kick Off 2 World Cup 2013 - Part 03 - Penalty Shootout of Shame - PeterS vs DinoD,333,569,World Cup XIII (Voitsberg),2013,stream,shame,,,Peter S,364,Dino D,98,,ko2cv_channel,ko2cv,,,,false,medium,,Penalty shootout of shame side event; not Round 1 game 21749 (Dino–Peter 0-4),,,
scSdq-IQXIE,Kick Off 2 World Cup 2023   Silver Cup Fred vs Robert,987,16,World Cup XXI (Torremolinos),2023,match,silver,,,Frederic G,127,Robert S,382,26267,ko2cv_channel,ko2cv,,,,false,low,,,,,
sl3GF-erxx0,Thor becomes KO2 champion 2016,98,596,World Cup XVI (Milan),2016,coverage,,,,,,,,,ko2cv_channel,ko2cv,,,,false,medium,,,,,
t4el3un-DyU,Kick Off 2 World Cup 2013 - Part 08 - AndyG vs ChrisD (8-2),703,569,World Cup XIII (Voitsberg),2013,match,semi,2,8-2,Christopher D,66,Andy G,30,21873,ko2cv_channel,ko2cv,,,,false,medium,,,,,
tEb--soimgs,"Kick Off 2 Amiga, WC 2001 Dartford, The Final, Mark P - Alkis P (3 - 6)",1294,26,World Cup I (Dartford),2001,match,final,,3 - 6,Mark P,280,Alkis P,14,143,wc_finals_playlist,,PL_BZxDPPd88YKbQHLod_1EFHPa2iJSIQY,,,true,high,,"Also in: alkelele_channel, forum_index",,,
tOCX7XY0Lgg,Kick Off 2 World Cup 2015 - 3rd place - Oliver vs Chris,396,585,World Cup XV (Dublin),2015,match,bronze,,,Oliver St,341,Christopher D,66,23049,ko2cv_channel,ko2cv,,,,false,low,,,,third_place,
tRUKdwvmeu4,"Kick Off 2 Amiga, WC 2004 Milano, Semi final 2nd leg, Gianluca T - Nikos A (4 - 4)",688,140,World Cup IV (Milan),2004,match,semi,,4 - 4,Gianluca T,148,Nikos A,334,4901,forum_index,alkelele,,,,false,high,,Also in: alkelele_channel,http://www.ko-gathering.com/media/tournaments/Milan2004/videos/WC2004_Semi1A_SteveC_Luigi.wmv,,
uDm-79VEnZU,Alkis vs Robert  3-4-2011,780,499,Athens LXXVIII,2011,match,,,2 - 2,Alkis P,14,Robert S,382,18924,forum_index,costas,,,,false,medium,Y,Also in: costas_channel,,,
unBHmEJlK_w,WC2009 Presentations Part 1,607,418,World Cup IX (Voitsberg),2009,ceremony,,,,,,,,,ko2cv_channel,ko2cv,,,,false,medium,,,,,
unbUMfFGh_Y,Panasonic vs Alkis 3-4-2011,685,499,Athens LXXVIII,2011,match,,,3 - 2,Panayotis P,350,Alkis P,14,18889,forum_index,costas,,,,false,medium,Y,Also in: costas_channel,,,
vIHepaCINjM,UK Kick Off 2 UKC 2012 Andy 4-7 Dagh.mp4,650,546,Bournemouth IV,2012,match,,,4-7,Andy G,30,Dagh N,73,20499,ko2cv_channel,ko2cv,,,,false,medium,,UKC 2012 Bournemouth IV,,,
vLaFZAHJXx8,KOA WC 2010  - SilverCupFinal - Rodolfo vs Lorenzo.wmv,886,480,World Cup X (Dusseldorf),2010,match,silver,,4 - 4,Rodolfo M,385,Lorenzo L,250,18433,forum_index,ko2cv,,forum-the-2010-gathering-dusseldorf-germany-silver-cup-final-rodolfo-m-lorenzo-l-4-4,canonical,false,high,Y,Also in: ko2cv_channel,,,
vbivDdeLYzQ,"Kick Off 2 Amiga, WC 2008 Athens, Game of Shame",731,358,World Cup VIII (Athens),2008,match,shame,,8-1,Astrid L,41,Andreas Kl,21,14201,alkelele_channel,alkelele,,dup-vbivDdeLYzQ,canonical,false,low,Y,DB phase=40th Place Final; video title Game of Shame,,,
vhkErNXiD6E,Kick Off 2 World Cup 2024 - Final FabioF vs GianniT,1391,20,World Cup XXII (Nottingham),2024,match,final,,,Fabio F,109,Gianni T,149,"26878,26879",wc_finals_playlist,,PL_BZxDPPd88YKbQHLod_1EFHPa2iJSIQY,,,false,high,Y,Also in: ko2cv_channel; dual-leg video (duration>=20min),,,multi
vs1-bHEHIdI,"Kick Off 2 Amiga, WC 2004 Milano, Third place final leg 1, Steve C - Nikos A (1 - 3)",700,140,World Cup IV (Milan),2004,match,final,1,1 - 3,Steve C,417,Nikos A,334,4902,forum_index,alkelele,,,,false,high,,Also in: alkelele_channel,http://www.ko-gathering.com/media/tournaments/Milan2004/videos/WC2004_3rd4thA_SteveC_Nikos.wmv,third_place,
vwxDwQoC1r0,"Kick Off 2 World Cup 2016 - Semi Final B, Leg 1 - Oliver vs Gianni",688,596,World Cup XVI (Milan),2016,match,semi,1,,Oliver St,341,Gianni T,149,23897,ko2cv_channel,ko2cv,,,,false,low,,,,,
vxoUhV8syYU,KOA_WC2006_01_Semi1_Part1_Gianni_vs_Spyros,662,206,World Cup VI (Rickmansworth),2006,match,semi,1,7-5,Gianni T,149,Spyros P,406,8437,ko2cv_channel,ko2cv,,dup-vxoUhV8syYU,canonical,false,low,Y,,,,
wLuM-cofHJc,"Kick Off 2 Amiga, WC 2004 Milano, KOA Cup Final leg 2, Riccardo P - Luca A (4 - 3)",737,140,World Cup IV (Milan),2004,match,final,2,4 - 3,Riccardo P,376,Luca A,252,4951,forum_index,alkelele,,,,false,high,,Also in: alkelele_channel,http://www.ko-gathering.com/media/tournaments/Milan2004/videos/WC2004_KOACupA.wmv,,
wTqyB6iHKjU,"Kick Off 2 Amiga, WC 2008 Athens, The Final leg 1, Dagh N - Gianni T (6 - 4)",704,358,World Cup VIII (Athens),2008,match,final,1,6-4,Dagh N,73,Gianni T,149,14262,wc_finals_playlist,,PL_BZxDPPd88YKbQHLod_1EFHPa2iJSIQY,wc2008-final-leg1,canonical,true,high,Y,"Also in: alkelele_channel, forum_index",http://www.kickoff2.it/tmp/video_ko2/wc2008/Athens08_08_Final_A_Dagh_Gianni_6-4.avi,,
wrtBAbLNvpk,"Kick Off 2 Amiga, WC 2002 Athens, Quater Finals leg 2, Martin B - Alkis P (3 - 4)",640,66,World Cup II (Athens),2002,match,quarter,2,3 - 4,Martin B,287,Alkis P,14,1711,forum_index,alkelele,,,,false,high,,Also in: alkelele_channel,http://www.ko-gathering.com/media/tournaments/Athens2002/videos/Quarters1%20-%20Klaus%20vs%20Jim.WMV,,
ws1Z7pYGvmA,Kick Off 2 WC2009 9 Final 2 Spyros vs Gianni,661,418,World Cup IX (Voitsberg),2009,excluded,final,,6 - 7,Spyros P,406,Gianni T,149,,wc_finals_playlist,,PL_BZxDPPd88YKbQHLod_1EFHPa2iJSIQY,dup-SzWNnJPtOcg,alternate_recording,true,high,Y,"Also in: forum_index, ko2cv_channel; ko2cv duplicate; canonical=alkelele final leg 2; ko2cv duplicate; canonical=alkelele final leg 2; ko2cv duplicate; canonical=alkelele final leg 2; ko2cv duplicate; canonical=alkelele final leg 2; ko2cv duplicate; canonical=alkelele final leg 2; ko2cv duplicate; canonical=alkelele final leg 2; ko2cv duplicate; canonical=alkelele final leg 2; ko2cv duplicate; canonical=alkelele final leg 2; ko2cv duplicate; canonical=alkelele final leg 2; ko2cv duplicate; canonical=alkelele final leg 2; ko2cv duplicate; canonical=alkelele final leg 2; ko2cv duplicate; canonical=alkelele final leg 2; ko2cv duplicate; canonical=alkelele final leg 2; ko2cv duplicate; canonical=alkelele final leg 2; ko2cv duplicate; canonical=alkelele final leg 2; ko2cv duplicate; canonical=alkelele final leg 2",,,
wyfn0CGhpIA,"Kick Off 2 Amiga, WC 2009 Voitsberg, Game Of Shame, Andreas vs Astrid",659,418,World Cup IX (Voitsberg),2009,match,shame,,0-1,Andreas Kl,21,Astrid L,41,16355,forum_index,alkelele,,dup-wyfn0CGhpIA,canonical,false,high,Y,DB phase=33rd Place Final; video title Game Of Shame,,,
x75FXgxT9f0,Kick Off 2 World Cup 2014 - Silver Cup - Mark vs Ektoras,742,577,World Cup XIV (Copenhagen),2014,match,silver,,,Mark W,282,Ektoras K,100,22420,ko2cv_channel,ko2cv,,,,false,low,,,,,
xIHeb-_1_U8,Kick Off 2 WC2001 Dartford Part3 Sunday,212,26,World Cup I (Dartford),2001,stream,,,,,,,,,ko2cv_channel,ko2cv,,,,false,medium,,,,,
xJ0j4B6_REA,"Kick Off 2 Amiga, WC 2004 Milano, Third place final leg 2, Nikos A - Steve C (5 - 6)",731,140,World Cup IV (Milan),2004,match,final,2,5 - 6,Nikos A,334,Steve C,417,4903,forum_index,alkelele,,,,false,high,,Also in: alkelele_channel,http://www.ko-gathering.com/media/tournaments/Milan2004/videos/WC2004_3rd4thA_SteveC_Nikos.wmv,third_place,
xTUeyuDPfF4,"Kick Off 2 Amiga, WC 2005 Cologne, Semi Final 2nd leg, Gianni T - Klaus Lo (6 - 5) extra time 3 - 1",933,169,World Cup V (Cologne),2005,match,semi,,6 - 5,Gianni T,149,Klaus Lo,233,6582,forum_index,alkelele,,,,false,high,,Also in: alkelele_channel,http://www.kickoffworld.net/Download/media/2005WorldCup/KOA_WC2005_SemiA_Game1_AlkisVsGianluca.wmv,,
xdhtNH7WDQs,KOA WC 2010 Presentations Part 1,728,480,World Cup X (Dusseldorf),2010,ceremony,,,,,,,,,ko2cv_channel,ko2cv,,,,false,medium,,,,,
xuCyTNYCli0,KOA_WC2009_2_Silver_Cup_Tommaso_vs_Rodolfo,659,418,World Cup IX (Voitsberg),2009,excluded,silver,,1-2,Rodolfo M,385,Lorenzo C,249,,ko2cv_channel,ko2cv,,dup-l9TEWoZoZnI,alternate_recording,false,low,Y,Tommaso = Lorenzo C; silver cup group game; ko2cv duplicate; was silver group 16294; canonical=alkelele silver final; ko2cv duplicate; was silver group 16294; canonical=alkelele silver final; ko2cv duplicate; was silver group 16294; canonical=alkelele silver final; ko2cv duplicate; was silver group 16294; canonical=alkelele silver final; ko2cv duplicate; was silver group 16294; canonical=alkelele silver final; ko2cv duplicate; was silver group 16294; canonical=alkelele silver final; ko2cv duplicate; was silver group 16294; canonical=alkelele silver final; ko2cv duplicate; was silver group 16294; canonical=alkelele silver final; ko2cv duplicate; was silver group 16294; canonical=alkelele silver final; ko2cv duplicate; was silver group 16294; canonical=alkelele silver final; ko2cv duplicate; was silver group 16294; canonical=alkelele silver final; ko2cv duplicate; was silver group 16294; canonical=alkelele silver final; ko2cv duplicate; was silver group 16294; canonical=alkelele silver final; ko2cv duplicate; was silver group 16294; canonical=alkelele silver final; ko2cv duplicate; was silver group 16294; canonical=alkelele silver final; ko2cv duplicate; was silver group 16294; canonical=alkelele silver final,,,
xv0Brah6Rrs,WC2009 Presentations Part 3,516,418,World Cup IX (Voitsberg),2009,ceremony,,,,,,,,,ko2cv_channel,ko2cv,,,,false,medium,,,,,
yDTtHQ-fcyc,UK Kick Off 2 UKC 2012 Andy 5-5 Dagh.mp4,681,545,Bournemouth III,2012,match,,,5-5,Andy G,30,Dagh N,73,20430,ko2cv_channel,ko2cv,,,,false,medium,,UKC 2012 Bournemouth III,,,
yPzByUETgEo,"Kick Off 2 Amiga, shot height, part 11",11,,,,stream,,,,,,,,,alkelele_channel,alkelele,,,,false,low,,,,,
yacHP9wa0iQ,Kick Off 2 World Cup 2024 - Game Of Shame MarkB vs TanerG,746,20,World Cup XXII (Nottingham),2024,match,shame,,,Taner G,429,Mark B,275,26702,ko2cv_channel,ko2cv,,,,false,low,,,,,
yk9t62tJ0yM,Kick Off 2 World Cup 2022 Part5 Semi1B Gianni vs Fabio,592,14,World Cup XX (Athens),2022,match,semi,2,7-2,Gianni T,149,Fabio F,109,25986,ko2cv_channel,ko2cv,,,,false,medium,,,,,
yrX7OBkMnA4,Kick Off 2 World Cup 2014 - Final (2nd leg) - Fabio vs Gianni,765,577,World Cup XIV (Copenhagen),2014,match,final,,,Fabio F,109,Gianni T,149,22467,wc_finals_playlist,,PL_BZxDPPd88YKbQHLod_1EFHPa2iJSIQY,,,true,medium,,Also in: ko2cv_channel,,,
z29pWSij4mk,"Kick Off 2 Amiga, WC 2003 Groningen, Quarter Final leg 1, Martin B - Gianluca T (6 - 3)",662,115,World Cup III (Groningen),2003,match,quarter,1,6 - 3,Martin B,287,Gianluca T,148,3610,forum_index,alkelele,,,,false,high,,Also in: alkelele_channel,http://www.ko-gathering.com/media/tournaments/Groningen2003/videos/Quarters1-MartinBvsGianluca.wmv,,
z3PkxdG-hx8,Kick Off 2 World Cup 2014 - Semi1 (1st leg) - Gianni vs Alkis,742,577,World Cup XIV (Copenhagen),2014,match,semi,1,8-1,Gianni T,149,Alkis P,14,22461,ko2cv_channel,ko2cv,,,,false,low,,,,,
zKijh7vCBHU,KOA_WC2007_5_KOA_Cup_Rodolfo_vs_Jorg,674,280,World Cup VII (Rome),2007,match,silver,,6-4,Rodolfo M,385,Jorg P,216,11402,ko2cv_channel,ko2cv,,,,false,low,Y,Video title KOA Cup; DB phase=17th Place Final,,,
zLS1ewi_LKE,"Kick Off 2 World Cup 2016 - Final, Leg 1 - Thor vs Gianni",729,596,World Cup XVI (Milan),2016,match,final,1,,Gianni T,149,Thor S,440,23900,wc_finals_playlist,,PL_BZxDPPd88YKbQHLod_1EFHPa2iJSIQY,,,true,medium,,Also in: ko2cv_channel,,,
zPQeHdmpXQA,Kick Off 2 UK Championship 2010 - Presentations,220,451,Birmingham XXI,2010,ceremony,,,,,,,,,ko2cv_channel,ko2cv,,,,false,low,Y,,,,
zhU6-Dzfjrg,"Kick Off 2 Amiga, WC 2006 Rickmansworth, Semi Final leg 2, Spyros P - Gianni T (6 - 4), et 2-1",935,206,World Cup VI (Rickmansworth),2006,excluded,semi,2,6 - 4,Spyros P,406,Gianni T,149,,forum_index,alkelele,,dup-P_j0YFs76OM,alternate_recording,false,high,Y,Also in: alkelele_channel; ko2cv duplicate; canonical=KO2CV higher-quality Semi1 leg 2; ko2cv duplicate; canonical=KO2CV higher-quality Semi1 leg 2; ko2cv duplicate; canonical=KO2CV higher-quality Semi1 leg 2; ko2cv duplicate; canonical=KO2CV higher-quality Semi1 leg 2; ko2cv duplicate; canonical=KO2CV higher-quality Semi1 leg 2; ko2cv duplicate; canonical=KO2CV higher-quality Semi1 leg 2; ko2cv duplicate; canonical=KO2CV higher-quality Semi1 leg 2; ko2cv duplicate; canonical=KO2CV higher-quality Semi1 leg 2,http://www.kickoffworld.net/Download/media/2006WorldCup/KOA%20WC2006_01%20Semi1%20Part1%20Gianni%20vs%20Spyros.wmv,,
zxD-ZvI0kgg,Kick Off 2 WC2011 - 3. Semi2a - Andy vs Alkis.avi,741,526,World Cup XI (Birmingham),2011,match,semi,1,8-5,Andy G,30,Alkis P,14,20107,ko2cv_channel,ko2cv,,,,false,low,,,,,
9NLKNUdVXNc,"Kick Off Association World Cup 2001 - Dartford, Kent, UK",5581,26,World Cup I (Dartford),2001,atmosphere,atmosphere,,,,,,,,manual,,,,,,high,Y,WC 2001 atmosphere (Dagh add Jun 2026),,,
okZYaLT-Mwk,"KOA World Cup 2003 - Airport Gathering, the Flight, in Holland & Practice",356,115,World Cup III (Groningen),2003,atmosphere,atmosphere,,,,,,,,manual,,,,,,high,Y,WC 2003 atmosphere (Dagh add Jun 2026),,,
4k4Ew4ghbZw,"Kick Off Association 1st ever UK Championship 2002 - Gloucester, UK",8216,32,Gloucester I,2002,stream,stream,,,,,,,,manual,,,,,,high,Y,UKC 2002 long coverage (~2h15m); atmosphere + in-event game clips; not one game,,,
RSR8jP27V4c,KOA London International 2009 - Gianni (Team A) vs Dagh (Team B) - 1st part,340,371,London XXIII,2009,match,,,4-7,Gianni T,149,Dagh N,73,14809,manual,,,london-xxiii-14809-gianni-dagh,alternate_recording,,high,Y,Game split across two uploads; part 1,,,
eCLyltJxOiI,KOA London International 2009 - Gianni (Team A) vs Dagh (Team B) - 2nd part,318,371,London XXIII,2009,match,,,4-7,Gianni T,149,Dagh N,73,14809,manual,,,london-xxiii-14809-gianni-dagh,alternate_recording,,high,Y,Game split across two uploads; part 2,,,
ipDxCXtqa8g,Closing stages of KOA UK Champs 2005 Title outcome decider,134,157,Stoke,2005,atmosphere,atmosphere,,,,,,,5622,manual,,,,,,high,Y,Atmosphere around game 5622 (Rikki F vs Steve C 4-5),,,
p1HKrcUCHMA,"Kick Off 2 World Cup 2025 - Milan, Italy - Day 1",26190,25,World Cup XXIII (Milan),2025,stream,day1,,,,,,,,manual,ko2cv,,,,,high,Y,KO2CV_TV live stream archive,,,
6DTqboK7kQU,"Kick Off 2 World Cup 2025 - Milan, Italy - Day 2",37557,25,World Cup XXIII (Milan),2025,stream,day2,,,,,,,,manual,ko2cv,,,,,high,Y,KO2CV_TV live stream archive,,,
khhvhsnUFz4,Kick Off 2 UK Championship 2025,22826,23,Nottingham II,2025,stream,stream,,,,,,,,manual,ko2cv,,,,,high,Y,UK Champs 2025 (Nottingham II in DB),,,
diCwBurumT4,Kick Off 2 World Cup 2024 - Nottingham UK - Day 1,22161,20,World Cup XXII (Nottingham),2024,stream,day1,,,,,,,,manual,ko2cv,,,,,high,Y,KO2CV_TV live stream archive,,,
On9zBSdJQlQ,Kick Off 2 World Cup 2024 - Nottingham UK - Day 2,33863,20,World Cup XXII (Nottingham),2024,stream,day2,,,,,,,,manual,ko2cv,,,,,high,Y,KO2CV_TV live stream archive,,,
xm374O_wiZg,Kick Off 2 UK Championship - June 2024 - Preston,23886,18,Preston I,2024,stream,stream,,,,,,,,manual,ko2cv,,ukc2024-preston-live,alternate_recording,,high,Y,Full UKC 2024 Preston stream (~6h38m),,,
IET9OrdGI2A,Kick Off 2 UK Championship - June 2024 - Preston,1294,18,Preston I,2024,stream,stream,,,,,,,,manual,ko2cv,,ukc2024-preston-live,alternate_recording,,high,Y,Short Preston 2024 clip (~22m); same event as xm374O_wiZg,,,
RuatSO1izEM,"Kick Off 2 World Cup Live Stream - Nov 2023 - Malaga, Spain. Day 1.",22529,16,World Cup XXI (Torremolinos),2023,stream,day1,,,,,,,,manual,ko2cv,,,,,high,Y,KO2CV_TV live stream archive (Malaga/Torremolinos WC),,,
Dc5AEKcyCxg,"Kick Off 2 World Cup Live Stream - Nov 2023 - Malaga, Spain. Day 2.",40631,16,World Cup XXI (Torremolinos),2023,stream,day2,,,,,,,,manual,ko2cv,,,,,high,Y,KO2CV_TV live stream archive (Malaga/Torremolinos WC),,,
NO8Tg5FOn5E,KickOff2 World Cup Live Stream - 5 Nov 2022,9663,14,World Cup XX (Athens),2022,stream,day1,,,,,,,,manual,ko2cv,,wc2022-athens-day1-stream,alternate_recording,,high,Y,WC 2022 Athens day 1 live (~2h41m),,,
KJkK9TnRshA,Kick Off 2 World Cup Live Stream - 5 Nov 2022,9041,14,World Cup XX (Athens),2022,stream,day1,,,,,,,,manual,ko2cv,,wc2022-athens-day1-stream,alternate_recording,,high,Y,Parallel/restart day-1 stream; same WC XX Athens,,,
JEJ9zEviss8,Kick Off 2 World Cup Live Stream - 6 Nov 2022,37031,14,World Cup XX (Athens),2022,stream,day2,,,,,,,,manual,ko2cv,,,,,high,Y,WC 2022 Athens day 2 live (~10h17m),,,
D2d9iP_-D2M,Kick Off 2 World Cup 2019 - Day 0.,13054,9,World Cup XIX (Bremen),2019,stream,day0,,,,,,,,manual,ko2cv,,,,,high,Y,Pre-event / setup day Bremen 2019,,,
Zrk_vEvuulU,Kick Off 2 World Cup 2019 - Day 1.,42926,9,World Cup XIX (Bremen),2019,stream,day1,,,,,,,,manual,ko2cv,,,,,high,Y,KO2CV_TV live stream archive,,,
iVAupwlIDp4,Kick Off 2 World Cup 2019 - Day 2,33517,9,World Cup XIX (Bremen),2019,stream,day2,,,,,,,,manual,ko2cv,,,,,high,Y,KO2CV_TV live stream archive,,,
yIZRVZ3veYA,World Cup 2016 in Milan,22533,596,World Cup XVI (Milan),2016,stream,stream,,,,,,,,manual,ko2cv,,wc2016-milan-live,alternate_recording,,high,Y,Longest WC 2016 Milan live segment (~6h15m),,,
2HPw0z-6CW0,World Cup 2016 in Milan,17124,596,World Cup XVI (Milan),2016,stream,stream,,,,,,,,manual,ko2cv,,wc2016-milan-live,alternate_recording,,high,Y,WC 2016 Milan live segment (~4h45m),,,
30GQitGK0HU,World Cup 2016 in Milan,9129,596,World Cup XVI (Milan),2016,stream,stream,,,,,,,,manual,ko2cv,,wc2016-milan-live,alternate_recording,,high,Y,WC 2016 Milan live segment (~2h32m),,,
hgg5wtwuA-Y,World Cup 2016 in Milan,4711,596,World Cup XVI (Milan),2016,stream,stream,,,,,,,,manual,ko2cv,,wc2016-milan-live,alternate_recording,,high,Y,WC 2016 Milan live segment (~1h18m),,,
p6q8vJYMny4,World Cup 2016 in Milan,2442,596,World Cup XVI (Milan),2016,stream,stream,,,,,,,,manual,ko2cv,,wc2016-milan-live,alternate_recording,,high,Y,WC 2016 Milan live segment (~41m),,,
Z9HohavTlzY,World Cup 2016 in Milan,1598,596,World Cup XVI (Milan),2016,stream,stream,,,,,,,,manual,ko2cv,,wc2016-milan-live,alternate_recording,,high,Y,WC 2016 Milan live segment (~27m),,,
mjXv8QDpCn4,World Cup 2016 in Milan,982,596,World Cup XVI (Milan),2016,stream,stream,,,,,,,,manual,ko2cv,,wc2016-milan-live,alternate_recording,,high,Y,WC 2016 Milan live segment (~16m),,,
eH0JQOX4XCw,World Cup 2016 in Milan,89,596,World Cup XVI (Milan),2016,stream,stream,,,,,,,,manual,ko2cv,,wc2016-milan-live,alternate_recording,,high,Y,WC 2016 Milan live fragment (~1m),,,
6WmRIQvvcP8,Wonka celebration ko2 athens 2002,26,66,World Cup II (Athens),2002,atmosphere,atmosphere,,,,,,,,manual,,,,,,high,Y,WC 2002 Athens Wonka celebration (Dagh add Jul 2026),,,
_cRSiEAhUps,Kick Off 2 UK Championship 2026 (Nottingham III),,607,Nottingham III,2026,stream,stream,,,,,,,"27419,27453,27432,27436,27445,27454,27439,27470,27438,27425,27473,27449,27471,27428,27467",manual,ko2cv,,,,,high,Y,UK Champs 2026 stream; 15 forum timestamps (H:MM) in video_game_links.csv (partial coverage),,,stream_map
